sender_bank,device_type,network_type,is_peak_hour,day_of_week,total_transactions,failed_transactions,failure_rate,avg_amount
axis,android,3g,0,friday,76,3,3.9473684210526314,1268.8947368421052
axis,android,3g,0,monday,75,1,1.3333333333333335,1238.5733333333333
axis,android,3g,0,saturday,79,4,5.063291139240507,1598.379746835443
axis,android,3g,0,sunday,78,2,2.564102564102564,1191.7692307692307
axis,android,3g,0,thursday,80,6,7.5,1428.85
axis,android,3g,0,tuesday,73,3,4.10958904109589,1302.5342465753424
axis,android,3g,0,wednesday,73,5,6.8493150684931505,1141.1780821917807
axis,android,3g,1,friday,58,4,6.896551724137931,1100.0
axis,android,3g,1,monday,57,0,0.0,1225.6315789473683
axis,android,3g,1,saturday,69,5,7.246376811594203,1493.855072463768
axis,android,3g,1,sunday,66,1,1.5151515151515151,1604.1818181818182
axis,android,3g,1,thursday,52,1,1.9230769230769231,1679.5961538461538
axis,android,3g,1,tuesday,45,3,6.666666666666667,1402.3555555555556
axis,android,3g,1,wednesday,54,1,1.8518518518518516,1332.4814814814815
axis,android,4g,0,friday,875,41,4.685714285714285,1270.7382857142857
axis,android,4g,0,monday,940,45,4.787234042553192,1287.0531914893618
axis,android,4g,0,saturday,816,46,5.637254901960785,1255.876225490196
axis,android,4g,0,sunday,859,40,4.656577415599535,1289.9848661233993
axis,android,4g,0,thursday,844,50,5.924170616113744,1278.2618483412323
axis,android,4g,0,tuesday,863,44,5.098493626882966,1235.1772885283892
axis,android,4g,0,wednesday,924,49,5.303030303030303,1367.3971861471862
axis,android,4g,1,friday,760,42,5.526315789473684,1232.0723684210527
axis,android,4g,1,monday,734,38,5.177111716621254,1346.7724795640327
axis,android,4g,1,saturday,737,28,3.7991858887381276,1249.1194029850747
axis,android,4g,1,sunday,725,45,6.206896551724138,1206.4082758620689
axis,android,4g,1,thursday,738,31,4.200542005420054,1290.3062330623306
axis,android,4g,1,tuesday,724,41,5.662983425414365,1299.1022099447514
axis,android,4g,1,wednesday,702,33,4.700854700854701,1338.3746438746439
axis,android,5g,0,friday,358,15,4.189944134078212,1187.8072625698323
axis,android,5g,0,monday,378,15,3.968253968253968,1518.1693121693122
axis,android,5g,0,saturday,390,19,4.871794871794872,1208.8589743589744
axis,android,5g,0,sunday,359,17,4.735376044568245,1327.1309192200556
axis,android,5g,0,thursday,384,18,4.6875,1308.7838541666667
axis,android,5g,0,tuesday,359,14,3.8997214484679668,1382.9777158774373
axis,android,5g,0,wednesday,405,20,4.938271604938271,1322.7604938271604
axis,android,5g,1,friday,324,9,2.7777777777777777,1383.8549382716049
axis,android,5g,1,monday,287,16,5.574912891986063,1365.7491289198606
axis,android,5g,1,saturday,288,14,4.861111111111112,1304.0902777777778
axis,android,5g,1,sunday,319,12,3.761755485893417,1170.2476489028213
axis,android,5g,1,thursday,292,19,6.506849315068493,1421.9280821917807
axis,android,5g,1,tuesday,341,18,5.278592375366569,1489.7360703812317
axis,android,5g,1,wednesday,288,11,3.8194444444444446,1385.6458333333333
axis,android,wifi,0,friday,136,9,6.61764705882353,1262.8235294117646
axis,android,wifi,0,monday,146,9,6.164383561643835,1000.0890410958904
axis,android,wifi,0,saturday,139,6,4.316546762589928,1289.6762589928057
axis,android,wifi,0,sunday,151,7,4.635761589403973,1304.2781456953642
axis,android,wifi,0,thursday,143,8,5.594405594405594,1306.2377622377621
axis,android,wifi,0,tuesday,162,10,6.172839506172839,1416.4135802469136
axis,android,wifi,0,wednesday,149,8,5.369127516778524,1123.3758389261745
axis,android,wifi,1,friday,130,5,3.8461538461538463,1293.7384615384615
axis,android,wifi,1,monday,115,8,6.956521739130435,1110.2173913043478
axis,android,wifi,1,saturday,109,5,4.587155963302752,1174.467889908257
axis,android,wifi,1,sunday,101,4,3.9603960396039604,1323.118811881188
axis,android,wifi,1,thursday,145,9,6.206896551724138,1345.655172413793
axis,android,wifi,1,tuesday,122,5,4.098360655737705,1595.0819672131147
axis,android,wifi,1,wednesday,114,2,1.7543859649122806,1187.5350877192982
axis,ios,3g,0,friday,14,0,0.0,1619.5714285714287
axis,ios,3g,0,monday,16,1,6.25,1452.3125
axis,ios,3g,0,saturday,14,1,7.142857142857142,837.2142857142857
axis,ios,3g,0,sunday,15,2,13.333333333333334,1457.0666666666666
axis,ios,3g,0,thursday,20,0,0.0,1201.35
axis,ios,3g,0,tuesday,22,1,4.545454545454546,1632.9545454545455
axis,ios,3g,0,wednesday,28,1,3.571428571428571,1977.4642857142858
axis,ios,3g,1,friday,16,0,0.0,1557.125
axis,ios,3g,1,monday,19,1,5.263157894736842,1120.3684210526317
axis,ios,3g,1,saturday,15,1,6.666666666666667,1511.0
axis,ios,3g,1,sunday,11,1,9.090909090909092,1319.7272727272727
axis,ios,3g,1,thursday,15,0,0.0,1059.7333333333333
axis,ios,3g,1,tuesday,16,2,12.5,1033.8125
axis,ios,3g,1,wednesday,19,3,15.789473684210526,1252.0
axis,ios,4g,0,friday,218,4,1.834862385321101,1242.394495412844
axis,ios,4g,0,monday,236,18,7.627118644067797,1387.1906779661017
axis,ios,4g,0,saturday,225,10,4.444444444444445,1393.848888888889
axis,ios,4g,0,sunday,230,6,2.608695652173913,1247.4608695652173
axis,ios,4g,0,thursday,252,12,4.761904761904762,1408.857142857143
axis,ios,4g,0,tuesday,216,9,4.166666666666666,1090.1990740740741
axis,ios,4g,0,wednesday,216,11,5.092592592592593,1126.2777777777778
axis,ios,4g,1,friday,184,18,9.782608695652174,1313.983695652174
axis,ios,4g,1,monday,207,9,4.3478260869565215,1360.352657004831
axis,ios,4g,1,saturday,179,9,5.027932960893855,1295.1340782122904
axis,ios,4g,1,sunday,196,8,4.081632653061225,1254.3367346938776
axis,ios,4g,1,thursday,194,8,4.123711340206185,1168.6701030927834
axis,ios,4g,1,tuesday,205,3,1.4634146341463417,1324.7463414634146
axis,ios,4g,1,wednesday,188,13,6.914893617021277,1293.4308510638298
axis,ios,5g,0,friday,92,5,5.434782608695652,1226.1630434782608
axis,ios,5g,0,monday,105,8,7.6190476190476195,1106.6380952380953
axis,ios,5g,0,saturday,97,3,3.0927835051546393,1149.7422680412371
axis,ios,5g,0,sunday,97,8,8.24742268041237,1456.7731958762886
axis,ios,5g,0,thursday,99,4,4.040404040404041,1173.4444444444443
axis,ios,5g,0,tuesday,87,7,8.045977011494253,1180.1379310344828
axis,ios,5g,0,wednesday,86,4,4.651162790697675,1197.406976744186
axis,ios,5g,1,friday,75,2,2.666666666666667,1531.92
axis,ios,5g,1,monday,90,2,2.2222222222222223,1474.3
axis,ios,5g,1,saturday,83,6,7.228915662650602,1232.855421686747
axis,ios,5g,1,sunday,84,6,7.142857142857142,1258.6190476190477
axis,ios,5g,1,thursday,92,4,4.3478260869565215,978.695652173913
axis,ios,5g,1,tuesday,77,5,6.493506493506493,1088.012987012987
axis,ios,5g,1,wednesday,92,3,3.260869565217391,1576.0217391304348
axis,ios,wifi,0,friday,38,2,5.263157894736842,2067.7368421052633
axis,ios,wifi,0,monday,43,3,6.976744186046512,1317.2325581395348
axis,ios,wifi,0,saturday,39,3,7.6923076923076925,1578.6410256410256
axis,ios,wifi,0,sunday,40,3,7.5,1268.175
axis,ios,wifi,0,thursday,29,0,0.0,1313.5172413793102
axis,ios,wifi,0,tuesday,37,1,2.7027027027027026,891.4324324324324
axis,ios,wifi,0,wednesday,40,1,2.5,1345.6
axis,ios,wifi,1,friday,38,2,5.263157894736842,918.2894736842105
axis,ios,wifi,1,monday,33,2,6.0606060606060606,1145.2424242424242
axis,ios,wifi,1,saturday,39,4,10.256410256410255,1056.2307692307693
axis,ios,wifi,1,sunday,40,3,7.5,1324.2
axis,ios,wifi,1,thursday,40,3,7.5,1274.375
axis,ios,wifi,1,tuesday,36,2,5.555555555555555,1376.3055555555557
axis,ios,wifi,1,wednesday,23,0,0.0,1229.695652173913
axis,web,3g,0,friday,5,0,0.0,470.4
axis,web,3g,0,monday,3,0,0.0,725.6666666666666
axis,web,3g,0,saturday,4,0,0.0,2274.5
axis,web,3g,0,sunday,4,0,0.0,1130.25
axis,web,3g,0,thursday,4,0,0.0,372.0
axis,web,3g,0,tuesday,5,1,20.0,2067.0
axis,web,3g,0,wednesday,6,0,0.0,1828.3333333333333
axis,web,3g,1,friday,2,0,0.0,2045.5
axis,web,3g,1,monday,8,2,25.0,1043.75
axis,web,3g,1,saturday,4,0,0.0,1065.25
axis,web,3g,1,sunday,7,0,0.0,3921.5714285714284
axis,web,3g,1,thursday,4,0,0.0,2382.0
axis,web,3g,1,tuesday,2,0,0.0,1664.0
axis,web,3g,1,wednesday,4,0,0.0,321.0
axis,web,4g,0,friday,60,3,5.0,1336.3166666666666
axis,web,4g,0,monday,51,2,3.9215686274509802,1357.9607843137255
axis,web,4g,0,saturday,53,2,3.7735849056603774,1548.1509433962265
axis,web,4g,0,sunday,58,3,5.172413793103448,1364.655172413793
axis,web,4g,0,thursday,58,0,0.0,1215.2068965517242
axis,web,4g,0,tuesday,58,3,5.172413793103448,1340.448275862069
axis,web,4g,0,wednesday,64,2,3.125,896.71875
axis,web,4g,1,friday,53,2,3.7735849056603774,1534.245283018868
axis,web,4g,1,monday,50,2,4.0,1240.1
axis,web,4g,1,saturday,45,3,6.666666666666667,1106.1555555555556
axis,web,4g,1,sunday,59,2,3.389830508474576,1371.0338983050847
axis,web,4g,1,thursday,45,2,4.444444444444445,850.6444444444444
axis,web,4g,1,tuesday,50,6,12.0,1063.04
axis,web,4g,1,wednesday,46,4,8.695652173913043,1499.608695652174
axis,web,5g,0,friday,22,2,9.090909090909092,1611.3181818181818
axis,web,5g,0,monday,26,3,11.538461538461538,967.4615384615385
axis,web,5g,0,saturday,27,0,0.0,1444.3703703703704
axis,web,5g,0,sunday,25,2,8.0,936.44
axis,web,5g,0,thursday,29,1,3.4482758620689653,1330.6206896551723
axis,web,5g,0,tuesday,22,1,4.545454545454546,1546.9545454545455
axis,web,5g,0,wednesday,20,0,0.0,2450.0
axis,web,5g,1,friday,15,2,13.333333333333334,617.3333333333334
axis,web,5g,1,monday,19,3,15.789473684210526,1596.578947368421
axis,web,5g,1,saturday,24,0,0.0,849.3333333333334
axis,web,5g,1,sunday,25,2,8.0,1420.04
axis,web,5g,1,thursday,26,3,11.538461538461538,1811.1153846153845
axis,web,5g,1,tuesday,21,3,14.285714285714285,2195.714285714286
axis,web,5g,1,wednesday,21,0,0.0,1052.6666666666667
axis,web,wifi,0,friday,10,1,10.0,1263.4
axis,web,wifi,0,monday,6,0,0.0,995.5
axis,web,wifi,0,saturday,11,1,9.090909090909092,875.6363636363636
axis,web,wifi,0,sunday,9,1,11.11111111111111,711.1111111111111
axis,web,wifi,0,thursday,7,0,0.0,243.42857142857142
axis,web,wifi,0,tuesday,10,0,0.0,1836.8
axis,web,wifi,0,wednesday,14,1,7.142857142857142,1137.7142857142858
axis,web,wifi,1,friday,8,0,0.0,1257.125
axis,web,wifi,1,monday,18,1,5.555555555555555,2099.722222222222
axis,web,wifi,1,saturday,7,0,0.0,1768.4285714285713
axis,web,wifi,1,sunday,6,0,0.0,776.3333333333334
axis,web,wifi,1,thursday,12,1,8.333333333333332,971.9166666666666
axis,web,wifi,1,tuesday,11,0,0.0,1632.6363636363637
axis,web,wifi,1,wednesday,12,0,0.0,941.5
hdfc,android,3g,0,friday,124,8,6.451612903225806,1699.282258064516
hdfc,android,3g,0,monday,121,7,5.785123966942149,1236.9173553719008
hdfc,android,3g,0,saturday,104,10,9.615384615384617,947.6538461538462
hdfc,android,3g,0,sunday,128,8,6.25,1490.8984375
hdfc,android,3g,0,thursday,126,5,3.968253968253968,1389.8650793650793
hdfc,android,3g,0,tuesday,118,10,8.47457627118644,1130.8050847457628
hdfc,android,3g,0,wednesday,108,5,4.62962962962963,1250.2592592592594
hdfc,android,3g,1,friday,78,0,0.0,1448.5
hdfc,android,3g,1,monday,73,2,2.73972602739726,999.9589041095891
hdfc,android,3g,1,saturday,82,2,2.4390243902439024,1031.5487804878048
hdfc,android,3g,1,sunday,87,4,4.597701149425287,1233.712643678161
hdfc,android,3g,1,thursday,79,3,3.79746835443038,1670.1518987341772
hdfc,android,3g,1,tuesday,101,7,6.9306930693069315,1130.5940594059407
hdfc,android,3g,1,wednesday,93,2,2.1505376344086025,1289.741935483871
hdfc,android,4g,0,friday,1302,73,5.6067588325652835,1399.5614439324117
hdfc,android,4g,0,monday,1297,68,5.242868157286044,1378.3168851195067
hdfc,android,4g,0,saturday,1292,66,5.108359133126935,1348.3823529411766
hdfc,android,4g,0,sunday,1241,55,4.43190975020145,1308.668815471394
hdfc,android,4g,0,thursday,1276,65,5.094043887147335,1370.2594043887148
hdfc,android,4g,0,tuesday,1225,58,4.73469387755102,1373.0653061224489
hdfc,android,4g,0,wednesday,1316,72,5.47112462006079,1324.3829787234042
hdfc,android,4g,1,friday,1090,54,4.954128440366973,1251.7394495412843
hdfc,android,4g,1,monday,1098,48,4.371584699453552,1304.4918032786886
hdfc,android,4g,1,saturday,1132,53,4.681978798586572,1345.018551236749
hdfc,android,4g,1,sunday,1155,67,5.800865800865801,1363.774025974026
hdfc,android,4g,1,thursday,1068,46,4.307116104868914,1233.9073033707866
hdfc,android,4g,1,tuesday,1101,50,4.541326067211625,1381.4468664850135
hdfc,android,4g,1,wednesday,1100,55,5.0,1268.73
hdfc,android,5g,0,friday,529,17,3.213610586011342,1396.5671077504726
hdfc,android,5g,0,monday,581,29,4.991394148020654,1331.1790017211704
hdfc,android,5g,0,saturday,567,21,3.7037037037037033,1134.1058201058202
hdfc,android,5g,0,sunday,577,34,5.892547660311958,1307.3778162911613
hdfc,android,5g,0,thursday,537,23,4.283054003724395,1243.2551210428305
hdfc,android,5g,0,tuesday,563,24,4.262877442273535,1310.822380106572
hdfc,android,5g,0,wednesday,533,32,6.0037523452157595,1456.108818011257
hdfc,android,5g,1,friday,460,18,3.91304347826087,1264.9152173913044
hdfc,android,5g,1,monday,469,24,5.11727078891258,1444.8379530916845
hdfc,android,5g,1,saturday,483,24,4.968944099378882,1177.2525879917184
hdfc,android,5g,1,sunday,475,23,4.842105263157895,1348.3010526315788
hdfc,android,5g,1,thursday,456,24,5.263157894736842,1214.9013157894738
hdfc,android,5g,1,tuesday,433,21,4.849884526558892,1242.94688221709
hdfc,android,5g,1,wednesday,412,21,5.097087378640777,1221.2135922330096
hdfc,android,wifi,0,friday,220,8,3.6363636363636362,1200.9727272727273
hdfc,android,wifi,0,monday,210,11,5.238095238095238,1323.847619047619
hdfc,android,wifi,0,saturday,206,7,3.3980582524271843,1263.388349514563
hdfc,android,wifi,0,sunday,226,11,4.867256637168142,1453.725663716814
hdfc,android,wifi,0,thursday,233,15,6.437768240343347,1280.5836909871246
hdfc,android,wifi,0,tuesday,197,10,5.0761421319796955,1483.4060913705584
hdfc,android,wifi,0,wednesday,188,6,3.1914893617021276,1239.723404255319
hdfc,android,wifi,1,friday,183,6,3.278688524590164,1360.0218579234972
hdfc,android,wifi,1,monday,210,8,3.8095238095238098,1284.6285714285714
hdfc,android,wifi,1,saturday,200,5,2.5,1469.63
hdfc,android,wifi,1,sunday,172,12,6.976744186046512,1459.5174418604652
hdfc,android,wifi,1,thursday,192,8,4.166666666666666,1298.1302083333333
hdfc,android,wifi,1,tuesday,196,9,4.591836734693878,1403.9897959183672
hdfc,android,wifi,1,wednesday,208,10,4.807692307692308,1448.889423076923
hdfc,ios,3g,0,friday,33,2,6.0606060606060606,1782.909090909091
hdfc,ios,3g,0,monday,26,2,7.6923076923076925,991.9615384615385
hdfc,ios,3g,0,saturday,30,0,0.0,1086.8666666666666
hdfc,ios,3g,0,sunday,23,2,8.695652173913043,1358.1304347826087
hdfc,ios,3g,0,thursday,28,1,3.571428571428571,1530.3214285714287
hdfc,ios,3g,0,tuesday,31,1,3.225806451612903,1335.0
hdfc,ios,3g,0,wednesday,27,2,7.4074074074074066,1634.7407407407406
hdfc,ios,3g,1,friday,26,3,11.538461538461538,1684.1538461538462
hdfc,ios,3g,1,monday,25,2,8.0,810.96
hdfc,ios,3g,1,saturday,25,2,8.0,978.92
hdfc,ios,3g,1,sunday,25,1,4.0,990.0
hdfc,ios,3g,1,thursday,17,1,5.88235294117647,1150.4705882352941
hdfc,ios,3g,1,tuesday,21,0,0.0,1766.5238095238096
hdfc,ios,3g,1,wednesday,15,1,6.666666666666667,1855.6666666666667
hdfc,ios,4g,0,friday,334,10,2.9940119760479043,1338.7604790419161
hdfc,ios,4g,0,monday,363,13,3.581267217630854,1294.473829201102
hdfc,ios,4g,0,saturday,351,19,5.413105413105413,1233.1196581196582
hdfc,ios,4g,0,sunday,357,22,6.162464985994398,1412.142857142857
hdfc,ios,4g,0,thursday,336,14,4.166666666666666,1388.2886904761904
hdfc,ios,4g,0,tuesday,351,15,4.273504273504273,1268.2364672364672
hdfc,ios,4g,0,wednesday,314,16,5.095541401273886,1311.0159235668789
hdfc,ios,4g,1,friday,343,15,4.373177842565598,1358.067055393586
hdfc,ios,4g,1,monday,293,15,5.1194539249146755,1370.2354948805462
hdfc,ios,4g,1,saturday,282,17,6.028368794326241,1519.904255319149
hdfc,ios,4g,1,sunday,297,11,3.7037037037037033,1341.2828282828282
hdfc,ios,4g,1,thursday,315,12,3.8095238095238098,1219.231746031746
hdfc,ios,4g,1,tuesday,292,17,5.821917808219178,1224.777397260274
hdfc,ios,4g,1,wednesday,304,10,3.289473684210526,1501.6644736842106
hdfc,ios,5g,0,friday,147,7,4.761904761904762,1250.3333333333333
hdfc,ios,5g,0,monday,156,10,6.41025641025641,1480.0961538461538
hdfc,ios,5g,0,saturday,136,7,5.147058823529411,1255.5367647058824
hdfc,ios,5g,0,sunday,164,6,3.6585365853658534,1209.8170731707316
hdfc,ios,5g,0,thursday,145,8,5.517241379310345,1132.2413793103449
hdfc,ios,5g,0,tuesday,139,7,5.0359712230215825,1716.0791366906474
hdfc,ios,5g,0,wednesday,149,11,7.38255033557047,1526.9530201342282
hdfc,ios,5g,1,friday,118,6,5.084745762711865,1393.177966101695
hdfc,ios,5g,1,monday,122,1,0.819672131147541,961.8196721311475
hdfc,ios,5g,1,saturday,123,8,6.504065040650407,1306.1138211382113
hdfc,ios,5g,1,sunday,145,6,4.137931034482759,1395.1310344827587
hdfc,ios,5g,1,thursday,120,7,5.833333333333333,1223.075
hdfc,ios,5g,1,tuesday,134,5,3.731343283582089,1380.6194029850747
hdfc,ios,5g,1,wednesday,135,3,2.2222222222222223,1400.5925925925926
hdfc,ios,wifi,0,friday,59,4,6.779661016949152,1211.9661016949153
hdfc,ios,wifi,0,monday,53,1,1.8867924528301887,1243.8490566037735
hdfc,ios,wifi,0,saturday,53,1,1.8867924528301887,1259.0188679245282
hdfc,ios,wifi,0,sunday,55,2,3.6363636363636362,1411.8181818181818
hdfc,ios,wifi,0,thursday,64,1,1.5625,1559.34375
hdfc,ios,wifi,0,tuesday,47,2,4.25531914893617,1251.5744680851064
hdfc,ios,wifi,0,wednesday,69,1,1.4492753623188406,1668.231884057971
hdfc,ios,wifi,1,friday,53,3,5.660377358490567,1269.4905660377358
hdfc,ios,wifi,1,monday,47,3,6.382978723404255,1211.5744680851064
hdfc,ios,wifi,1,saturday,49,5,10.204081632653061,1179.6326530612246
hdfc,ios,wifi,1,sunday,39,2,5.128205128205128,1285.4102564102564
hdfc,ios,wifi,1,thursday,44,3,6.8181818181818175,1382.7045454545455
hdfc,ios,wifi,1,tuesday,52,3,5.769230769230769,1559.7884615384614
hdfc,ios,wifi,1,wednesday,47,0,0.0,858.7872340425532
hdfc,web,3g,0,friday,4,0,0.0,4190.25
hdfc,web,3g,0,monday,10,0,0.0,2094.3
hdfc,web,3g,0,saturday,10,2,20.0,1232.4
hdfc,web,3g,0,sunday,6,0,0.0,782.0
hdfc,web,3g,0,thursday,6,0,0.0,433.1666666666667
hdfc,web,3g,0,tuesday,9,0,0.0,665.1111111111111
hdfc,web,3g,0,wednesday,16,0,0.0,779.5
hdfc,web,3g,1,friday,7,0,0.0,1769.0
hdfc,web,3g,1,monday,11,0,0.0,980.8181818181819
hdfc,web,3g,1,saturday,5,0,0.0,2296.2
hdfc,web,3g,1,sunday,11,0,0.0,685.0
hdfc,web,3g,1,thursday,5,1,20.0,2245.4
hdfc,web,3g,1,tuesday,7,0,0.0,1251.142857142857
hdfc,web,3g,1,wednesday,5,0,0.0,2120.6
hdfc,web,4g,0,friday,90,7,7.777777777777778,1552.1777777777777
hdfc,web,4g,0,monday,89,5,5.617977528089887,1155.2696629213483
hdfc,web,4g,0,saturday,101,8,7.920792079207921,1732.1584158415842
hdfc,web,4g,0,sunday,90,3,3.3333333333333335,1759.7777777777778
hdfc,web,4g,0,thursday,99,5,5.05050505050505,1686.5959595959596
hdfc,web,4g,0,tuesday,91,6,6.593406593406594,1175.5054945054944
hdfc,web,4g,0,wednesday,88,3,3.4090909090909087,1173.3977272727273
hdfc,web,4g,1,friday,70,4,5.714285714285714,1223.6142857142856
hdfc,web,4g,1,monday,79,7,8.860759493670885,1106.987341772152
hdfc,web,4g,1,saturday,68,5,7.352941176470589,1106.485294117647
hdfc,web,4g,1,sunday,65,2,3.076923076923077,1375.4307692307693
hdfc,web,4g,1,thursday,70,4,5.714285714285714,1570.5285714285715
hdfc,web,4g,1,tuesday,74,2,2.7027027027027026,1394.6756756756756
hdfc,web,4g,1,wednesday,84,3,3.571428571428571,1216.952380952381
hdfc,web,5g,0,friday,30,2,6.666666666666667,1552.5666666666666
hdfc,web,5g,0,monday,40,1,2.5,1516.925
hdfc,web,5g,0,saturday,32,0,0.0,1538.46875
hdfc,web,5g,0,sunday,34,4,11.76470588235294,1313.9117647058824
hdfc,web,5g,0,thursday,29,1,3.4482758620689653,1156.2758620689656
hdfc,web,5g,0,tuesday,43,4,9.30232558139535,1099.046511627907
hdfc,web,5g,0,wednesday,29,2,6.896551724137931,1169.2413793103449
hdfc,web,5g,1,friday,24,3,12.5,1183.9166666666667
hdfc,web,5g,1,monday,34,0,0.0,1376.4411764705883
hdfc,web,5g,1,saturday,31,2,6.451612903225806,1476.3870967741937
hdfc,web,5g,1,sunday,39,1,2.564102564102564,1234.6153846153845
hdfc,web,5g,1,thursday,37,0,0.0,946.0
hdfc,web,5g,1,tuesday,30,1,3.3333333333333335,1132.2333333333333
hdfc,web,5g,1,wednesday,26,0,0.0,1162.2692307692307
hdfc,web,wifi,0,friday,13,1,7.6923076923076925,1276.6153846153845
hdfc,web,wifi,0,monday,11,0,0.0,597.5454545454545
hdfc,web,wifi,0,saturday,12,1,8.333333333333332,1239.1666666666667
hdfc,web,wifi,0,sunday,11,0,0.0,693.8181818181819
hdfc,web,wifi,0,thursday,11,0,0.0,733.7272727272727
hdfc,web,wifi,0,tuesday,17,0,0.0,1295.1764705882354
hdfc,web,wifi,0,wednesday,14,1,7.142857142857142,2685.285714285714
hdfc,web,wifi,1,friday,8,1,12.5,993.125
hdfc,web,wifi,1,monday,10,1,10.0,1485.3
hdfc,web,wifi,1,saturday,17,1,5.88235294117647,2819.9411764705883
hdfc,web,wifi,1,sunday,10,0,0.0,1024.0
hdfc,web,wifi,1,thursday,19,0,0.0,1269.0
hdfc,web,wifi,1,tuesday,13,1,7.6923076923076925,1065.6923076923076
hdfc,web,wifi,1,wednesday,12,0,0.0,927.0833333333334
icici,android,3g,0,friday,82,4,4.878048780487805,1128.7439024390244
icici,android,3g,0,monday,97,9,9.278350515463918,1101.020618556701
icici,android,3g,0,saturday,87,5,5.747126436781609,1054.367816091954
icici,android,3g,0,sunday,85,4,4.705882352941177,1593.9411764705883
icici,android,3g,0,thursday,86,3,3.488372093023256,1483.5348837209303
icici,android,3g,0,tuesday,97,7,7.216494845360824,1439.4845360824743
icici,android,3g,0,wednesday,71,1,1.4084507042253522,1427.0845070422536
icici,android,3g,1,friday,64,5,7.8125,1314.265625
icici,android,3g,1,monday,82,6,7.317073170731707,1195.1341463414635
icici,android,3g,1,saturday,74,3,4.054054054054054,1387.7837837837837
icici,android,3g,1,sunday,73,4,5.47945205479452,1698.9041095890411
icici,android,3g,1,thursday,77,3,3.896103896103896,1185.3246753246754
icici,android,3g,1,tuesday,80,0,0.0,1111.6125
icici,android,3g,1,wednesday,86,3,3.488372093023256,1361.5581395348838
icici,android,4g,0,friday,1051,52,4.9476688867745,1283.721217887726
icici,android,4g,0,monday,1157,44,3.8029386343993083,1323.705272255834
icici,android,4g,0,saturday,1008,47,4.662698412698413,1327.4444444444443
icici,android,4g,0,sunday,1065,61,5.727699530516432,1232.7708920187793
icici,android,4g,0,thursday,1029,53,5.150631681243926,1274.3187560738581
icici,android,4g,0,tuesday,1041,38,3.6503362151777137,1327.308357348703
icici,android,4g,0,wednesday,1009,56,5.550049554013875,1289.548067393459
icici,android,4g,1,friday,885,49,5.536723163841808,1316.767231638418
icici,android,4g,1,monday,855,48,5.614035087719298,1233.8654970760233
icici,android,4g,1,saturday,855,46,5.380116959064328,1304.3766081871345
icici,android,4g,1,sunday,875,59,6.742857142857144,1390.4868571428572
icici,android,4g,1,thursday,836,41,4.904306220095694,1292.9138755980862
icici,android,4g,1,tuesday,848,36,4.245283018867925,1323.252358490566
icici,android,4g,1,wednesday,860,37,4.302325581395349,1259.7732558139535
icici,android,5g,0,friday,475,22,4.631578947368421,1366.6673684210527
icici,android,5g,0,monday,443,18,4.063205417607223,1265.6817155756207
icici,android,5g,0,saturday,424,26,6.132075471698113,1290.247641509434
icici,android,5g,0,sunday,433,22,5.080831408775981,1351.9353348729792
icici,android,5g,0,thursday,478,15,3.1380753138075312,1427.1401673640166
icici,android,5g,0,tuesday,456,25,5.482456140350877,1407.8048245614036
icici,android,5g,0,wednesday,445,24,5.393258426966292,1258.0584269662922
icici,android,5g,1,friday,384,20,5.208333333333334,1192.1510416666667
icici,android,5g,1,monday,372,25,6.720430107526881,1423.6344086021506
icici,android,5g,1,saturday,354,15,4.23728813559322,1271.3135593220338
icici,android,5g,1,sunday,353,15,4.2492917847025495,1267.1473087818697
icici,android,5g,1,thursday,354,20,5.649717514124294,1291.4802259887006
icici,android,5g,1,tuesday,351,23,6.552706552706552,1426.997150997151
icici,android,5g,1,wednesday,335,20,5.970149253731343,1264.6955223880598
icici,android,wifi,0,friday,180,7,3.888888888888889,1234.7444444444445
icici,android,wifi,0,monday,157,11,7.006369426751593,1354.0700636942674
icici,android,wifi,0,saturday,175,13,7.428571428571429,1282.8285714285714
icici,android,wifi,0,sunday,170,9,5.294117647058823,1278.0176470588235
icici,android,wifi,0,thursday,160,6,3.75,1449.1875
icici,android,wifi,0,tuesday,159,10,6.289308176100629,1517.245283018868
icici,android,wifi,0,wednesday,182,11,6.043956043956044,1341.39010989011
icici,android,wifi,1,friday,142,8,5.633802816901409,1324.7394366197184
icici,android,wifi,1,monday,141,10,7.092198581560284,1314.8014184397164
icici,android,wifi,1,saturday,147,5,3.4013605442176873,1363.299319727891
icici,android,wifi,1,sunday,139,6,4.316546762589928,1390.2086330935251
icici,android,wifi,1,thursday,150,8,5.333333333333334,1242.7933333333333
icici,android,wifi,1,tuesday,140,1,0.7142857142857143,1029.25
icici,android,wifi,1,wednesday,125,3,2.4,1286.696
icici,ios,3g,0,friday,17,0,0.0,586.8823529411765
icici,ios,3g,0,monday,16,1,6.25,925.625
icici,ios,3g,0,saturday,20,1,5.0,1087.15
icici,ios,3g,0,sunday,27,0,0.0,1375.111111111111
icici,ios,3g,0,thursday,23,1,4.3478260869565215,987.5217391304348
icici,ios,3g,0,tuesday,18,2,11.11111111111111,1193.0555555555557
icici,ios,3g,0,wednesday,28,1,3.571428571428571,1410.6785714285713
icici,ios,3g,1,friday,17,0,0.0,966.1764705882352
icici,ios,3g,1,monday,20,2,10.0,1054.9
icici,ios,3g,1,saturday,23,0,0.0,1598.9130434782608
icici,ios,3g,1,sunday,17,0,0.0,1145.8235294117646
icici,ios,3g,1,thursday,15,0,0.0,951.6666666666666
icici,ios,3g,1,tuesday,13,0,0.0,696.3076923076923
icici,ios,3g,1,wednesday,20,1,5.0,815.7
icici,ios,4g,0,friday,273,11,4.029304029304029,1439.3296703296703
icici,ios,4g,0,monday,272,14,5.147058823529411,1436.5220588235295
icici,ios,4g,0,saturday,270,14,5.185185185185185,1356.3148148148148
icici,ios,4g,0,sunday,292,16,5.47945205479452,1441.541095890411
icici,ios,4g,0,thursday,316,12,3.79746835443038,1299.863924050633
icici,ios,4g,0,tuesday,287,11,3.8327526132404177,1249.2752613240418
icici,ios,4g,0,wednesday,260,10,3.8461538461538463,1220.6615384615384
icici,ios,4g,1,friday,246,15,6.097560975609756,1355.69918699187
icici,ios,4g,1,monday,220,12,5.454545454545454,991.0954545454546
icici,ios,4g,1,saturday,232,14,6.0344827586206895,1164.0086206896551
icici,ios,4g,1,sunday,241,13,5.394190871369295,1586.5352697095436
icici,ios,4g,1,thursday,214,12,5.607476635514018,1483.3785046728972
icici,ios,4g,1,tuesday,229,14,6.11353711790393,1328.6637554585152
icici,ios,4g,1,wednesday,233,16,6.866952789699571,1260.7725321888413
icici,ios,5g,0,friday,98,4,4.081632653061225,1230.938775510204
icici,ios,5g,0,monday,128,9,7.03125,1345.390625
icici,ios,5g,0,saturday,109,8,7.339449541284404,1181.4311926605506
icici,ios,5g,0,sunday,107,4,3.7383177570093453,1346.588785046729
icici,ios,5g,0,thursday,110,2,1.8181818181818181,1259.918181818182
icici,ios,5g,0,tuesday,119,6,5.042016806722689,1480.0588235294117
icici,ios,5g,0,wednesday,117,6,5.128205128205128,1165.017094017094
icici,ios,5g,1,friday,75,4,5.333333333333334,1230.96
icici,ios,5g,1,monday,105,6,5.714285714285714,1224.7428571428572
icici,ios,5g,1,saturday,108,5,4.62962962962963,1112.101851851852
icici,ios,5g,1,sunday,96,5,5.208333333333334,1245.3333333333333
icici,ios,5g,1,thursday,91,4,4.395604395604396,1382.857142857143
icici,ios,5g,1,tuesday,86,5,5.813953488372093,1083.3953488372092
icici,ios,5g,1,wednesday,104,10,9.615384615384617,1171.1346153846155
icici,ios,wifi,0,friday,44,4,9.090909090909092,890.75
icici,ios,wifi,0,monday,43,1,2.3255813953488373,1121.4883720930231
icici,ios,wifi,0,saturday,46,2,4.3478260869565215,1292.5434782608695
icici,ios,wifi,0,sunday,54,3,5.555555555555555,1152.4444444444443
icici,ios,wifi,0,thursday,48,5,10.416666666666668,1480.8958333333333
icici,ios,wifi,0,tuesday,50,3,6.0,1399.82
icici,ios,wifi,0,wednesday,55,4,7.2727272727272725,1419.3272727272727
icici,ios,wifi,1,friday,36,0,0.0,1076.0555555555557
icici,ios,wifi,1,monday,45,3,6.666666666666667,1390.8666666666666
icici,ios,wifi,1,saturday,52,1,1.9230769230769231,1072.2692307692307
icici,ios,wifi,1,sunday,35,4,11.428571428571429,1089.0
icici,ios,wifi,1,thursday,38,3,7.894736842105263,1462.842105263158
icici,ios,wifi,1,tuesday,35,2,5.714285714285714,1174.0857142857142
icici,ios,wifi,1,wednesday,41,4,9.75609756097561,1079.7560975609756
icici,web,3g,0,friday,8,1,12.5,2942.5
icici,web,3g,0,monday,7,1,14.285714285714285,1420.7142857142858
icici,web,3g,0,saturday,5,1,20.0,1641.8
icici,web,3g,0,sunday,4,0,0.0,1403.75
icici,web,3g,0,thursday,5,0,0.0,1538.4
icici,web,3g,0,tuesday,2,0,0.0,4071.5
icici,web,3g,0,wednesday,6,1,16.666666666666664,1836.3333333333333
icici,web,3g,1,friday,6,0,0.0,1068.5
icici,web,3g,1,monday,5,0,0.0,619.6
icici,web,3g,1,saturday,2,0,0.0,4367.0
icici,web,3g,1,sunday,5,1,20.0,1101.2
icici,web,3g,1,thursday,5,0,0.0,1684.4
icici,web,3g,1,tuesday,5,0,0.0,1388.8
icici,web,3g,1,wednesday,4,0,0.0,2837.0
icici,web,4g,0,friday,71,4,5.633802816901409,1229.7042253521126
icici,web,4g,0,monday,74,4,5.405405405405405,1175.3108108108108
icici,web,4g,0,saturday,56,2,3.571428571428571,1317.1785714285713
icici,web,4g,0,sunday,76,1,1.3157894736842104,1226.578947368421
icici,web,4g,0,thursday,70,3,4.285714285714286,1019.5857142857143
icici,web,4g,0,tuesday,69,4,5.797101449275362,1146.5942028985507
icici,web,4g,0,wednesday,74,4,5.405405405405405,977.8378378378378
icici,web,4g,1,friday,53,4,7.547169811320755,1288.3207547169811
icici,web,4g,1,monday,60,2,3.3333333333333335,1238.2333333333333
icici,web,4g,1,saturday,66,2,3.0303030303030303,872.3181818181819
icici,web,4g,1,sunday,50,0,0.0,900.44
icici,web,4g,1,thursday,57,4,7.017543859649122,1368.8947368421052
icici,web,4g,1,tuesday,58,1,1.7241379310344827,1291.4827586206898
icici,web,4g,1,wednesday,64,3,4.6875,1376.875
icici,web,5g,0,friday,40,0,0.0,1217.4
icici,web,5g,0,monday,28,1,3.571428571428571,685.0
icici,web,5g,0,saturday,23,1,4.3478260869565215,1606.9130434782608
icici,web,5g,0,sunday,25,1,4.0,1007.52
icici,web,5g,0,thursday,23,1,4.3478260869565215,850.7826086956521
icici,web,5g,0,tuesday,31,2,6.451612903225806,1034.4516129032259
icici,web,5g,0,wednesday,25,1,4.0,1248.8
icici,web,5g,1,friday,30,0,0.0,1243.9
icici,web,5g,1,monday,35,3,8.571428571428571,1917.5428571428572
icici,web,5g,1,saturday,20,1,5.0,1513.8
icici,web,5g,1,sunday,18,1,5.555555555555555,794.2777777777778
icici,web,5g,1,thursday,20,0,0.0,2387.9
icici,web,5g,1,tuesday,29,1,3.4482758620689653,1720.5172413793102
icici,web,5g,1,wednesday,21,2,9.523809523809524,782.6190476190476
icici,web,wifi,0,friday,14,0,0.0,1494.4285714285713
icici,web,wifi,0,monday,15,1,6.666666666666667,1478.6666666666667
icici,web,wifi,0,saturday,17,0,0.0,1293.8235294117646
icici,web,wifi,0,sunday,16,0,0.0,1067.0625
icici,web,wifi,0,thursday,13,3,23.076923076923077,921.0
icici,web,wifi,0,tuesday,12,1,8.333333333333332,1538.4166666666667
icici,web,wifi,0,wednesday,9,0,0.0,1986.4444444444443
icici,web,wifi,1,friday,16,0,0.0,965.375
icici,web,wifi,1,monday,7,0,0.0,2685.714285714286
icici,web,wifi,1,saturday,7,0,0.0,816.0
icici,web,wifi,1,sunday,8,2,25.0,1638.75
icici,web,wifi,1,thursday,13,2,15.384615384615385,1039.4615384615386
icici,web,wifi,1,tuesday,5,0,0.0,437.4
icici,web,wifi,1,wednesday,9,0,0.0,1120.2222222222222
indusind,android,3g,0,friday,83,6,7.228915662650602,1332.8192771084337
indusind,android,3g,0,monday,78,6,7.6923076923076925,1224.576923076923
indusind,android,3g,0,saturday,76,3,3.9473684210526314,1166.3026315789473
indusind,android,3g,0,sunday,68,5,7.352941176470589,1223.4705882352941
indusind,android,3g,0,thursday,73,6,8.21917808219178,1119.7808219178082
indusind,android,3g,0,tuesday,94,7,7.446808510638298,1061.468085106383
indusind,android,3g,0,wednesday,70,3,4.285714285714286,1082.942857142857
indusind,android,3g,1,friday,73,6,8.21917808219178,1381.4109589041095
indusind,android,3g,1,monday,47,5,10.638297872340425,1415.276595744681
indusind,android,3g,1,saturday,57,2,3.508771929824561,1404.0
indusind,android,3g,1,sunday,65,6,9.230769230769232,1106.2615384615385
indusind,android,3g,1,thursday,61,4,6.557377049180328,1574.672131147541
indusind,android,3g,1,tuesday,53,3,5.660377358490567,1345.188679245283
indusind,android,3g,1,wednesday,54,0,0.0,1135.462962962963
indusind,android,4g,0,friday,915,38,4.1530054644808745,1367.1322404371585
indusind,android,4g,0,monday,950,48,5.052631578947368,1234.483157894737
indusind,android,4g,0,saturday,867,43,4.959630911188005,1316.4717416378317
indusind,android,4g,0,sunday,838,42,5.011933174224343,1378.8126491646779
indusind,android,4g,0,thursday,896,45,5.022321428571429,1342.1997767857142
indusind,android,4g,0,tuesday,840,30,3.571428571428571,1356.1392857142857
indusind,android,4g,0,wednesday,900,37,4.111111111111112,1257.0266666666666
indusind,android,4g,1,friday,702,46,6.552706552706552,1256.1509971509972
indusind,android,4g,1,monday,738,50,6.775067750677506,1289.1883468834687
indusind,android,4g,1,saturday,752,36,4.787234042553192,1263.1289893617022
indusind,android,4g,1,sunday,773,40,5.17464424320828,1266.2768434670115
indusind,android,4g,1,thursday,743,36,4.8452220726783315,1151.0659488559893
indusind,android,4g,1,tuesday,773,25,3.2341526520051747,1277.3156532988357
indusind,android,4g,1,wednesday,729,42,5.761316872427984,1278.7668038408779
indusind,android,5g,0,friday,345,13,3.768115942028986,1450.6782608695653
indusind,android,5g,0,monday,382,31,8.115183246073299,1198.4842931937173
indusind,android,5g,0,saturday,355,18,5.070422535211268,1393.1267605633802
indusind,android,5g,0,sunday,386,20,5.181347150259067,1263.4533678756477
indusind,android,5g,0,thursday,343,11,3.206997084548105,1267.3002915451896
indusind,android,5g,0,tuesday,346,19,5.491329479768786,1363.6098265895953
indusind,android,5g,0,wednesday,350,22,6.2857142857142865,1357.8857142857144
indusind,android,5g,1,friday,288,13,4.513888888888888,1078.5034722222222
indusind,android,5g,1,monday,317,12,3.7854889589905363,1336.5110410094637
indusind,android,5g,1,saturday,284,21,7.394366197183098,1385.8415492957747
indusind,android,5g,1,sunday,323,24,7.430340557275541,1389.3622291021672
indusind,android,5g,1,thursday,293,13,4.436860068259386,1366.0784982935154
indusind,android,5g,1,tuesday,319,21,6.583072100313479,1322.090909090909
indusind,android,5g,1,wednesday,311,13,4.180064308681672,1291.6109324758843
indusind,android,wifi,0,friday,162,5,3.0864197530864197,1407.0617283950617
indusind,android,wifi,0,monday,162,3,1.8518518518518516,1407.3024691358025
indusind,android,wifi,0,saturday,125,6,4.8,1349.192
indusind,android,wifi,0,sunday,153,8,5.228758169934641,1296.1699346405228
indusind,android,wifi,0,thursday,149,10,6.7114093959731544,1726.0805369127518
indusind,android,wifi,0,tuesday,142,3,2.112676056338028,1445.8309859154929
indusind,android,wifi,0,wednesday,152,3,1.9736842105263157,1246.8223684210527
indusind,android,wifi,1,friday,129,7,5.426356589147287,1458.984496124031
indusind,android,wifi,1,monday,113,3,2.6548672566371683,1182.8318584070796
indusind,android,wifi,1,saturday,128,10,7.8125,1311.6953125
indusind,android,wifi,1,sunday,110,5,4.545454545454546,1573.3818181818183
indusind,android,wifi,1,thursday,139,7,5.0359712230215825,1361.8489208633093
indusind,android,wifi,1,tuesday,139,5,3.597122302158273,1230.7841726618706
indusind,android,wifi,1,wednesday,119,8,6.722689075630252,1373.3949579831933
indusind,ios,3g,0,friday,21,0,0.0,1253.5238095238096
indusind,ios,3g,0,monday,15,1,6.666666666666667,2574.8
indusind,ios,3g,0,saturday,25,0,0.0,1342.0
indusind,ios,3g,0,sunday,16,1,6.25,1133.0625
indusind,ios,3g,0,thursday,11,0,0.0,839.7272727272727
indusind,ios,3g,0,tuesday,14,0,0.0,840.7142857142857
indusind,ios,3g,0,wednesday,20,0,0.0,1772.3
indusind,ios,3g,1,friday,14,1,7.142857142857142,915.5
indusind,ios,3g,1,monday,9,0,0.0,392.0
indusind,ios,3g,1,saturday,16,2,12.5,724.4375
indusind,ios,3g,1,sunday,16,0,0.0,1186.5
indusind,ios,3g,1,thursday,17,1,5.88235294117647,1028.8823529411766
indusind,ios,3g,1,tuesday,19,1,5.263157894736842,1498.578947368421
indusind,ios,3g,1,wednesday,17,1,5.88235294117647,1149.3529411764705
indusind,ios,4g,0,friday,212,14,6.60377358490566,1138.2735849056603
indusind,ios,4g,0,monday,252,10,3.968253968253968,1189.126984126984
indusind,ios,4g,0,saturday,239,13,5.439330543933055,1200.8744769874477
indusind,ios,4g,0,sunday,232,12,5.172413793103448,1306.6163793103449
indusind,ios,4g,0,thursday,238,14,5.88235294117647,1206.8193277310925
indusind,ios,4g,0,tuesday,206,15,7.281553398058252,1370.0970873786407
indusind,ios,4g,0,wednesday,245,10,4.081632653061225,1505.3142857142857
indusind,ios,4g,1,friday,169,6,3.5502958579881656,1230.7041420118344
indusind,ios,4g,1,monday,197,13,6.598984771573605,1227.228426395939
indusind,ios,4g,1,saturday,194,6,3.0927835051546393,1414.6546391752577
indusind,ios,4g,1,sunday,215,15,6.976744186046512,1252.9302325581396
indusind,ios,4g,1,thursday,191,6,3.1413612565445024,1321.931937172775
indusind,ios,4g,1,tuesday,176,9,5.113636363636364,1204.4772727272727
indusind,ios,4g,1,wednesday,210,9,4.285714285714286,1508.057142857143
indusind,ios,5g,0,friday,104,3,2.8846153846153846,1846.375
indusind,ios,5g,0,monday,84,5,5.952380952380952,1485.4761904761904
indusind,ios,5g,0,saturday,86,4,4.651162790697675,1363.5116279069769
indusind,ios,5g,0,sunday,118,0,0.0,1217.5084745762713
indusind,ios,5g,0,thursday,97,5,5.154639175257731,1251.278350515464
indusind,ios,5g,0,tuesday,108,4,3.7037037037037033,1527.7777777777778
indusind,ios,5g,0,wednesday,91,5,5.4945054945054945,1228.6263736263736
indusind,ios,5g,1,friday,75,2,2.666666666666667,1143.48
indusind,ios,5g,1,monday,98,5,5.1020408163265305,1117.0510204081634
indusind,ios,5g,1,saturday,81,5,6.172839506172839,1285.2962962962963
indusind,ios,5g,1,sunday,82,2,2.4390243902439024,1269.439024390244
indusind,ios,5g,1,thursday,73,1,1.36986301369863,1191.4931506849316
indusind,ios,5g,1,tuesday,91,4,4.395604395604396,1256.8241758241759
indusind,ios,5g,1,wednesday,89,3,3.3707865168539324,1357.6629213483145
indusind,ios,wifi,0,friday,36,3,8.333333333333332,1215.6944444444443
indusind,ios,wifi,0,monday,47,2,4.25531914893617,1188.340425531915
indusind,ios,wifi,0,saturday,34,4,11.76470588235294,1607.7941176470588
indusind,ios,wifi,0,sunday,42,2,4.761904761904762,1595.857142857143
indusind,ios,wifi,0,thursday,36,3,8.333333333333332,1224.5277777777778
indusind,ios,wifi,0,tuesday,26,1,3.8461538461538463,1368.576923076923
indusind,ios,wifi,0,wednesday,42,3,7.142857142857142,1162.904761904762
indusind,ios,wifi,1,friday,32,0,0.0,944.8125
indusind,ios,wifi,1,monday,32,0,0.0,1891.0
indusind,ios,wifi,1,saturday,43,1,2.3255813953488373,1431.4883720930231
indusind,ios,wifi,1,sunday,35,2,5.714285714285714,893.6285714285714
indusind,ios,wifi,1,thursday,27,1,3.7037037037037033,1060.8148148148148
indusind,ios,wifi,1,tuesday,32,2,6.25,1152.125
indusind,ios,wifi,1,wednesday,30,0,0.0,1069.4
indusind,web,3g,0,friday,6,0,0.0,1192.3333333333333
indusind,web,3g,0,monday,4,0,0.0,671.0
indusind,web,3g,0,saturday,3,0,0.0,822.0
indusind,web,3g,0,sunday,7,0,0.0,1446.2857142857142
indusind,web,3g,0,thursday,4,1,25.0,934.5
indusind,web,3g,0,tuesday,2,0,0.0,1333.5
indusind,web,3g,0,wednesday,4,0,0.0,1087.75
indusind,web,3g,1,friday,5,0,0.0,3334.2
indusind,web,3g,1,monday,7,1,14.285714285714285,1735.857142857143
indusind,web,3g,1,saturday,5,0,0.0,612.4
indusind,web,3g,1,sunday,6,0,0.0,354.6666666666667
indusind,web,3g,1,thursday,1,0,0.0,340.0
indusind,web,3g,1,tuesday,6,0,0.0,1282.3333333333333
indusind,web,3g,1,wednesday,7,0,0.0,1301.4285714285713
indusind,web,4g,0,friday,49,2,4.081632653061225,1377.8163265306123
indusind,web,4g,0,monday,68,3,4.411764705882353,1427.4705882352941
indusind,web,4g,0,saturday,49,2,4.081632653061225,1757.7142857142858
indusind,web,4g,0,sunday,62,1,1.6129032258064515,1423.032258064516
indusind,web,4g,0,thursday,52,1,1.9230769230769231,1016.8076923076923
indusind,web,4g,0,tuesday,59,4,6.779661016949152,1314.3050847457628
indusind,web,4g,0,wednesday,61,1,1.639344262295082,1236.655737704918
indusind,web,4g,1,friday,44,5,11.363636363636363,1233.9318181818182
indusind,web,4g,1,monday,53,2,3.7735849056603774,1282.132075471698
indusind,web,4g,1,saturday,51,2,3.9215686274509802,1193.078431372549
indusind,web,4g,1,sunday,52,1,1.9230769230769231,1454.0192307692307
indusind,web,4g,1,thursday,59,5,8.47457627118644,1535.593220338983
indusind,web,4g,1,tuesday,47,2,4.25531914893617,1023.0212765957447
indusind,web,4g,1,wednesday,45,3,6.666666666666667,1211.2666666666667
indusind,web,5g,0,friday,18,2,11.11111111111111,943.2777777777778
indusind,web,5g,0,monday,17,0,0.0,1200.2941176470588
indusind,web,5g,0,saturday,17,1,5.88235294117647,1069.8235294117646
indusind,web,5g,0,sunday,30,2,6.666666666666667,986.2
indusind,web,5g,0,thursday,28,2,7.142857142857142,915.5357142857143
indusind,web,5g,0,tuesday,19,1,5.263157894736842,1722.0526315789473
indusind,web,5g,0,wednesday,24,1,4.166666666666666,1839.3333333333333
indusind,web,5g,1,friday,26,0,0.0,2010.3461538461538
indusind,web,5g,1,monday,25,0,0.0,1852.84
indusind,web,5g,1,saturday,18,2,11.11111111111111,1041.2777777777778
indusind,web,5g,1,sunday,22,0,0.0,915.7727272727273
indusind,web,5g,1,thursday,26,2,7.6923076923076925,1137.7307692307693
indusind,web,5g,1,tuesday,27,1,3.7037037037037033,1238.3333333333333
indusind,web,5g,1,wednesday,27,3,11.11111111111111,1791.8148148148148
indusind,web,wifi,0,friday,7,0,0.0,1247.4285714285713
indusind,web,wifi,0,monday,10,0,0.0,650.5
indusind,web,wifi,0,saturday,13,0,0.0,1364.5384615384614
indusind,web,wifi,0,sunday,11,1,9.090909090909092,736.7272727272727
indusind,web,wifi,0,thursday,8,1,12.5,1241.875
indusind,web,wifi,0,tuesday,9,0,0.0,1918.2222222222222
indusind,web,wifi,0,wednesday,14,1,7.142857142857142,889.9285714285714
indusind,web,wifi,1,friday,6,1,16.666666666666664,1262.1666666666667
indusind,web,wifi,1,monday,9,0,0.0,1505.888888888889
indusind,web,wifi,1,saturday,5,1,20.0,2831.4
indusind,web,wifi,1,sunday,4,0,0.0,906.0
indusind,web,wifi,1,thursday,10,3,30.0,2121.4
indusind,web,wifi,1,tuesday,9,0,0.0,1453.7777777777778
indusind,web,wifi,1,wednesday,7,0,0.0,1607.142857142857
kotak,android,3g,0,friday,52,4,7.6923076923076925,1781.0961538461538
kotak,android,3g,0,monday,58,1,1.7241379310344827,999.6206896551724
kotak,android,3g,0,saturday,49,5,10.204081632653061,1262.9591836734694
kotak,android,3g,0,sunday,55,4,7.2727272727272725,1192.3454545454545
kotak,android,3g,0,thursday,62,1,1.6129032258064515,1315.9516129032259
kotak,android,3g,0,tuesday,65,3,4.615384615384616,1276.9076923076923
kotak,android,3g,0,wednesday,60,3,5.0,1455.0166666666667
kotak,android,3g,1,friday,52,1,1.9230769230769231,1834.6538461538462
kotak,android,3g,1,monday,57,5,8.771929824561402,1471.982456140351
kotak,android,3g,1,saturday,45,0,0.0,1145.6444444444444
kotak,android,3g,1,sunday,55,4,7.2727272727272725,1018.9272727272727
kotak,android,3g,1,thursday,39,1,2.564102564102564,1596.871794871795
kotak,android,3g,1,tuesday,43,4,9.30232558139535,973.3720930232558
kotak,android,3g,1,wednesday,45,2,4.444444444444445,1013.0666666666667
kotak,android,4g,0,friday,685,24,3.5036496350364965,1386.5284671532847
kotak,android,4g,0,monday,646,24,3.7151702786377707,1216.9705882352941
kotak,android,4g,0,saturday,658,33,5.015197568389058,1381.1747720364742
kotak,android,4g,0,sunday,709,52,7.334273624823695,1329.0380818053598
kotak,android,4g,0,thursday,714,38,5.322128851540616,1291.6358543417366
kotak,android,4g,0,tuesday,695,33,4.748201438848921,1224.9870503597122
kotak,android,4g,0,wednesday,687,40,5.822416302765648,1238.604075691412
kotak,android,4g,1,friday,609,32,5.254515599343185,1242.6108374384237
kotak,android,4g,1,monday,645,28,4.341085271317829,1418.9302325581396
kotak,android,4g,1,saturday,556,28,5.0359712230215825,1341.0161870503598
kotak,android,4g,1,sunday,584,19,3.2534246575342465,1249.8852739726028
kotak,android,4g,1,thursday,590,30,5.084745762711865,1280.2118644067796
kotak,android,4g,1,tuesday,592,28,4.72972972972973,1347.9054054054054
kotak,android,4g,1,wednesday,584,26,4.4520547945205475,1390.8082191780823
kotak,android,5g,0,friday,262,16,6.106870229007633,1172.618320610687
kotak,android,5g,0,monday,310,16,5.161290322580645,1319.9354838709678
kotak,android,5g,0,saturday,287,17,5.923344947735192,1181.5365853658536
kotak,android,5g,0,sunday,339,16,4.71976401179941,1275.0737463126843
kotak,android,5g,0,thursday,250,9,3.5999999999999996,1184.752
kotak,android,5g,0,tuesday,295,18,6.101694915254238,1482.786440677966
kotak,android,5g,0,wednesday,293,16,5.460750853242321,1535.5392491467576
kotak,android,5g,1,friday,241,12,4.979253112033195,1254.402489626556
kotak,android,5g,1,monday,268,12,4.477611940298507,1380.2723880597016
kotak,android,5g,1,saturday,229,14,6.11353711790393,1337.0
kotak,android,5g,1,sunday,270,14,5.185185185185185,1233.7259259259258
kotak,android,5g,1,thursday,259,11,4.247104247104247,1365.6177606177607
kotak,android,5g,1,tuesday,241,14,5.809128630705394,1457.8755186721992
kotak,android,5g,1,wednesday,250,13,5.2,1269.66
kotak,android,wifi,0,friday,118,11,9.322033898305085,1195.8474576271187
kotak,android,wifi,0,monday,110,4,3.6363636363636362,1290.3727272727272
kotak,android,wifi,0,saturday,115,9,7.82608695652174,950.4521739130435
kotak,android,wifi,0,sunday,103,6,5.825242718446602,1239.6990291262136
kotak,android,wifi,0,thursday,129,5,3.875968992248062,1232.6666666666667
kotak,android,wifi,0,tuesday,113,3,2.6548672566371683,1764.6637168141592
kotak,android,wifi,0,wednesday,123,6,4.878048780487805,1041.9105691056911
kotak,android,wifi,1,friday,97,7,7.216494845360824,1308.278350515464
kotak,android,wifi,1,monday,99,1,1.0101010101010102,1171.2121212121212
kotak,android,wifi,1,saturday,107,6,5.607476635514018,1113.822429906542
kotak,android,wifi,1,sunday,96,7,7.291666666666667,1463.7708333333333
kotak,android,wifi,1,thursday,94,8,8.51063829787234,1353.7659574468084
kotak,android,wifi,1,tuesday,92,6,6.521739130434782,1299.3152173913043
kotak,android,wifi,1,wednesday,104,3,2.8846153846153846,1583.3461538461538
kotak,ios,3g,0,friday,8,0,0.0,2165.0
kotak,ios,3g,0,monday,10,0,0.0,1178.7
kotak,ios,3g,0,saturday,13,2,15.384615384615385,537.5384615384615
kotak,ios,3g,0,sunday,16,1,6.25,1901.0625
kotak,ios,3g,0,thursday,26,3,11.538461538461538,1033.3461538461538
kotak,ios,3g,0,tuesday,21,1,4.761904761904762,1363.095238095238
kotak,ios,3g,0,wednesday,15,1,6.666666666666667,845.1333333333333
kotak,ios,3g,1,friday,17,0,0.0,1309.0588235294117
kotak,ios,3g,1,monday,13,0,0.0,1671.076923076923
kotak,ios,3g,1,saturday,14,0,0.0,1553.5
kotak,ios,3g,1,sunday,19,0,0.0,693.1578947368421
kotak,ios,3g,1,thursday,10,1,10.0,3183.4
kotak,ios,3g,1,tuesday,19,0,0.0,1222.0
kotak,ios,3g,1,wednesday,8,1,12.5,2542.125
kotak,ios,4g,0,friday,179,7,3.910614525139665,1325.7709497206704
kotak,ios,4g,0,monday,201,12,5.970149253731343,1355.233830845771
kotak,ios,4g,0,saturday,171,7,4.093567251461988,1149.8830409356726
kotak,ios,4g,0,sunday,200,15,7.5,1326.19
kotak,ios,4g,0,thursday,179,8,4.4692737430167595,1480.9441340782123
kotak,ios,4g,0,tuesday,192,10,5.208333333333334,1142.984375
kotak,ios,4g,0,wednesday,177,9,5.084745762711865,1066.5593220338983
kotak,ios,4g,1,friday,150,6,4.0,1481.42
kotak,ios,4g,1,monday,169,10,5.9171597633136095,1184.378698224852
kotak,ios,4g,1,saturday,160,14,8.75,1329.2375
kotak,ios,4g,1,sunday,167,6,3.592814371257485,1224.1377245508982
kotak,ios,4g,1,thursday,163,2,1.2269938650306749,1497.8343558282209
kotak,ios,4g,1,tuesday,136,6,4.411764705882353,1427.3676470588234
kotak,ios,4g,1,wednesday,158,8,5.063291139240507,1220.9177215189873
kotak,ios,5g,0,friday,71,2,2.8169014084507045,1333.6901408450703
kotak,ios,5g,0,monday,83,2,2.4096385542168677,1006.0
kotak,ios,5g,0,saturday,69,5,7.246376811594203,1299.6376811594203
kotak,ios,5g,0,sunday,87,3,3.4482758620689653,1719.103448275862
kotak,ios,5g,0,thursday,78,3,3.8461538461538463,1378.8333333333333
kotak,ios,5g,0,tuesday,80,0,0.0,2074.5875
kotak,ios,5g,0,wednesday,86,4,4.651162790697675,1464.6976744186047
kotak,ios,5g,1,friday,58,1,1.7241379310344827,1980.1206896551723
kotak,ios,5g,1,monday,52,2,3.8461538461538463,1315.0576923076924
kotak,ios,5g,1,saturday,63,1,1.5873015873015872,1078.7142857142858
kotak,ios,5g,1,sunday,81,3,3.7037037037037033,1374.4197530864199
kotak,ios,5g,1,thursday,76,3,3.9473684210526314,1293.1315789473683
kotak,ios,5g,1,tuesday,70,3,4.285714285714286,1261.057142857143
kotak,ios,5g,1,wednesday,74,7,9.45945945945946,1642.7027027027027
kotak,ios,wifi,0,friday,32,3,9.375,1366.34375
kotak,ios,wifi,0,monday,37,0,0.0,1318.5945945945946
kotak,ios,wifi,0,saturday,23,1,4.3478260869565215,678.9565217391304
kotak,ios,wifi,0,sunday,37,4,10.81081081081081,1052.1081081081081
kotak,ios,wifi,0,thursday,34,0,0.0,1605.4705882352941
kotak,ios,wifi,0,tuesday,32,1,3.125,1296.875
kotak,ios,wifi,0,wednesday,39,4,10.256410256410255,1442.923076923077
kotak,ios,wifi,1,friday,18,2,11.11111111111111,1281.2777777777778
kotak,ios,wifi,1,monday,19,0,0.0,1305.157894736842
kotak,ios,wifi,1,saturday,13,0,0.0,1645.8461538461538
kotak,ios,wifi,1,sunday,20,0,0.0,1788.9
kotak,ios,wifi,1,thursday,29,2,6.896551724137931,1411.103448275862
kotak,ios,wifi,1,tuesday,31,0,0.0,1288.967741935484
kotak,ios,wifi,1,wednesday,19,0,0.0,1764.3684210526317
kotak,web,3g,0,monday,4,0,0.0,4097.75
kotak,web,3g,0,saturday,6,0,0.0,1146.8333333333333
kotak,web,3g,0,sunday,1,0,0.0,706.0
kotak,web,3g,0,thursday,6,0,0.0,2156.8333333333335
kotak,web,3g,0,tuesday,3,0,0.0,1171.6666666666667
kotak,web,3g,0,wednesday,4,1,25.0,132.75
kotak,web,3g,1,friday,2,0,0.0,264.5
kotak,web,3g,1,monday,1,0,0.0,373.0
kotak,web,3g,1,saturday,3,0,0.0,1865.3333333333333
kotak,web,3g,1,sunday,2,0,0.0,386.0
kotak,web,3g,1,thursday,5,0,0.0,922.2
kotak,web,3g,1,tuesday,4,0,0.0,1581.0
kotak,web,3g,1,wednesday,4,1,25.0,409.0
kotak,web,4g,0,friday,56,2,3.571428571428571,1202.875
kotak,web,4g,0,monday,39,3,7.6923076923076925,803.0512820512821
kotak,web,4g,0,saturday,44,3,6.8181818181818175,1036.7954545454545
kotak,web,4g,0,sunday,47,2,4.25531914893617,1034.212765957447
kotak,web,4g,0,thursday,44,2,4.545454545454546,1547.090909090909
kotak,web,4g,0,tuesday,45,3,6.666666666666667,940.1111111111111
kotak,web,4g,0,wednesday,62,4,6.451612903225806,1418.225806451613
kotak,web,4g,1,friday,38,0,0.0,1651.5526315789473
kotak,web,4g,1,monday,47,5,10.638297872340425,1286.5106382978724
kotak,web,4g,1,saturday,33,3,9.090909090909092,1037.7878787878788
kotak,web,4g,1,sunday,39,0,0.0,1531.5897435897436
kotak,web,4g,1,thursday,43,4,9.30232558139535,1111.5813953488373
kotak,web,4g,1,tuesday,48,2,4.166666666666666,1642.4791666666667
kotak,web,4g,1,wednesday,39,0,0.0,1350.2820512820513
kotak,web,5g,0,friday,21,3,14.285714285714285,1613.2380952380952
kotak,web,5g,0,monday,23,2,8.695652173913043,1481.1304347826087
kotak,web,5g,0,saturday,23,1,4.3478260869565215,843.2608695652174
kotak,web,5g,0,sunday,18,0,0.0,1669.1666666666667
kotak,web,5g,0,thursday,20,6,30.0,1176.55
kotak,web,5g,0,tuesday,12,0,0.0,290.5
kotak,web,5g,0,wednesday,17,1,5.88235294117647,1413.5882352941176
kotak,web,5g,1,friday,12,0,0.0,968.9166666666666
kotak,web,5g,1,monday,19,0,0.0,1070.7894736842106
kotak,web,5g,1,saturday,17,0,0.0,1166.8235294117646
kotak,web,5g,1,sunday,15,2,13.333333333333334,694.5333333333333
kotak,web,5g,1,thursday,17,0,0.0,1085.9411764705883
kotak,web,5g,1,tuesday,12,2,16.666666666666664,2015.0
kotak,web,5g,1,wednesday,17,1,5.88235294117647,862.8823529411765
kotak,web,wifi,0,friday,13,2,15.384615384615385,971.6153846153846
kotak,web,wifi,0,monday,4,1,25.0,2206.25
kotak,web,wifi,0,saturday,13,0,0.0,1222.076923076923
kotak,web,wifi,0,sunday,9,0,0.0,2209.0
kotak,web,wifi,0,thursday,6,0,0.0,948.1666666666666
kotak,web,wifi,0,tuesday,11,0,0.0,607.5454545454545
kotak,web,wifi,0,wednesday,7,1,14.285714285714285,1789.4285714285713
kotak,web,wifi,1,friday,7,0,0.0,730.0
kotak,web,wifi,1,monday,9,0,0.0,1056.7777777777778
kotak,web,wifi,1,saturday,4,0,0.0,3727.5
kotak,web,wifi,1,sunday,3,0,0.0,3310.3333333333335
kotak,web,wifi,1,thursday,7,0,0.0,1653.5714285714287
kotak,web,wifi,1,tuesday,13,0,0.0,981.7692307692307
kotak,web,wifi,1,wednesday,7,2,28.57142857142857,725.0
pnb,android,3g,0,friday,72,2,2.7777777777777777,1156.1805555555557
pnb,android,3g,0,monday,81,5,6.172839506172839,1341.4197530864199
pnb,android,3g,0,saturday,85,4,4.705882352941177,1153.870588235294
pnb,android,3g,0,sunday,75,3,4.0,1266.8
pnb,android,3g,0,thursday,67,5,7.462686567164178,1918.2388059701493
pnb,android,3g,0,tuesday,82,5,6.097560975609756,1015.3536585365854
pnb,android,3g,0,wednesday,66,0,0.0,1163.6060606060605
pnb,android,3g,1,friday,61,1,1.639344262295082,955.9344262295082
pnb,android,3g,1,monday,65,3,4.615384615384616,1209.246153846154
pnb,android,3g,1,saturday,63,0,0.0,1180.984126984127
pnb,android,3g,1,sunday,67,3,4.477611940298507,1410.3731343283582
pnb,android,3g,1,thursday,55,2,3.6363636363636362,1514.6909090909091
pnb,android,3g,1,tuesday,53,4,7.547169811320755,1137.622641509434
pnb,android,3g,1,wednesday,71,4,5.633802816901409,946.4788732394367
pnb,android,4g,0,friday,876,37,4.223744292237443,1386.9155251141553
pnb,android,4g,0,monday,888,48,5.405405405405405,1301.3355855855855
pnb,android,4g,0,saturday,834,43,5.155875299760192,1256.3369304556354
pnb,android,4g,0,sunday,914,53,5.798687089715536,1321.5098468271335
pnb,android,4g,0,thursday,862,44,5.104408352668213,1330.4953596287703
pnb,android,4g,0,tuesday,795,42,5.283018867924529,1409.9245283018868
pnb,android,4g,0,wednesday,915,45,4.918032786885246,1346.9704918032787
pnb,android,4g,1,friday,749,30,4.005340453938585,1349.3684913217623
pnb,android,4g,1,monday,733,39,5.320600272851296,1288.6903137789905
pnb,android,4g,1,saturday,728,40,5.4945054945054945,1222.5494505494505
pnb,android,4g,1,sunday,770,39,5.0649350649350655,1228.2883116883118
pnb,android,4g,1,thursday,743,37,4.979811574697174,1303.6056527590847
pnb,android,4g,1,tuesday,767,34,4.432855280312908,1291.5775749674056
pnb,android,4g,1,wednesday,715,31,4.335664335664335,1211.095104895105
pnb,android,5g,0,friday,363,18,4.958677685950414,1230.6997245179064
pnb,android,5g,0,monday,381,16,4.199475065616798,1216.6404199475066
pnb,android,5g,0,saturday,363,21,5.785123966942149,1194.6473829201102
pnb,android,5g,0,sunday,362,16,4.41988950276243,1283.121546961326
pnb,android,5g,0,thursday,332,17,5.120481927710843,1227.605421686747
pnb,android,5g,0,tuesday,363,18,4.958677685950414,1285.7300275482094
pnb,android,5g,0,wednesday,352,13,3.6931818181818183,1293.1193181818182
pnb,android,5g,1,friday,308,18,5.844155844155844,1349.4610389610389
pnb,android,5g,1,monday,310,12,3.870967741935484,1307.683870967742
pnb,android,5g,1,saturday,295,12,4.067796610169491,1434.722033898305
pnb,android,5g,1,sunday,302,19,6.291390728476822,1313.3079470198675
pnb,android,5g,1,thursday,318,18,5.660377358490567,1273.3962264150944
pnb,android,5g,1,tuesday,303,10,3.3003300330033,1319.069306930693
pnb,android,5g,1,wednesday,303,18,5.9405940594059405,1358.996699669967
pnb,android,wifi,0,friday,134,5,3.731343283582089,1220.1194029850747
pnb,android,wifi,0,monday,151,11,7.28476821192053,1336.728476821192
pnb,android,wifi,0,saturday,143,5,3.4965034965034967,1116.5874125874127
pnb,android,wifi,0,sunday,150,4,2.666666666666667,1277.7866666666666
pnb,android,wifi,0,thursday,142,3,2.112676056338028,1358.1549295774648
pnb,android,wifi,0,tuesday,157,8,5.095541401273886,1112.5222929936306
pnb,android,wifi,0,wednesday,154,7,4.545454545454546,1184.8506493506493
pnb,android,wifi,1,friday,119,6,5.042016806722689,1247.7563025210084
pnb,android,wifi,1,monday,123,5,4.0650406504065035,1412.4959349593496
pnb,android,wifi,1,saturday,133,8,6.015037593984962,1240.7744360902257
pnb,android,wifi,1,sunday,115,2,1.7391304347826086,1183.4173913043478
pnb,android,wifi,1,thursday,130,6,4.615384615384616,1303.176923076923
pnb,android,wifi,1,tuesday,114,4,3.508771929824561,1255.3070175438597
pnb,android,wifi,1,wednesday,136,2,1.4705882352941175,1732.125
pnb,ios,3g,0,friday,18,0,0.0,995.2222222222222
pnb,ios,3g,0,monday,13,3,23.076923076923077,1673.0
pnb,ios,3g,0,saturday,21,0,0.0,1691.5714285714287
pnb,ios,3g,0,sunday,16,1,6.25,1196.4375
pnb,ios,3g,0,thursday,17,1,5.88235294117647,1247.1764705882354
pnb,ios,3g,0,tuesday,18,1,5.555555555555555,2638.1111111111113
pnb,ios,3g,0,wednesday,20,1,5.0,1340.7
pnb,ios,3g,1,friday,10,0,0.0,1270.3
pnb,ios,3g,1,monday,12,1,8.333333333333332,1800.3333333333333
pnb,ios,3g,1,saturday,18,1,5.555555555555555,1905.2222222222222
pnb,ios,3g,1,sunday,13,0,0.0,802.6923076923077
pnb,ios,3g,1,thursday,18,1,5.555555555555555,1604.5
pnb,ios,3g,1,tuesday,15,0,0.0,1923.7333333333333
pnb,ios,3g,1,wednesday,14,1,7.142857142857142,866.0714285714286
pnb,ios,4g,0,friday,222,11,4.954954954954955,1644.126126126126
pnb,ios,4g,0,monday,228,10,4.385964912280701,1351.1754385964912
pnb,ios,4g,0,saturday,210,12,5.714285714285714,1174.5285714285715
pnb,ios,4g,0,sunday,254,14,5.511811023622047,1384.1141732283465
pnb,ios,4g,0,thursday,225,12,5.333333333333334,1301.2088888888889
pnb,ios,4g,0,tuesday,225,7,3.111111111111111,1318.1066666666666
pnb,ios,4g,0,wednesday,234,12,5.128205128205128,1430.3974358974358
pnb,ios,4g,1,friday,209,8,3.827751196172249,1191.1913875598086
pnb,ios,4g,1,monday,209,14,6.698564593301436,1268.33014354067
pnb,ios,4g,1,saturday,224,12,5.357142857142857,1263.2455357142858
pnb,ios,4g,1,sunday,195,9,4.615384615384616,1273.2717948717948
pnb,ios,4g,1,thursday,166,9,5.421686746987952,1180.8915662650602
pnb,ios,4g,1,tuesday,186,14,7.526881720430108,1268.4569892473119
pnb,ios,4g,1,wednesday,211,17,8.056872037914692,1264.1563981042655
pnb,ios,5g,0,friday,92,6,6.521739130434782,1302.0217391304348
pnb,ios,5g,0,monday,104,5,4.807692307692308,1657.6442307692307
pnb,ios,5g,0,saturday,92,3,3.260869565217391,1204.7717391304348
pnb,ios,5g,0,sunday,83,2,2.4096385542168677,1542.7228915662652
pnb,ios,5g,0,thursday,98,9,9.183673469387756,1308.3265306122448
pnb,ios,5g,0,tuesday,84,2,2.380952380952381,1724.1190476190477
pnb,ios,5g,0,wednesday,86,10,11.627906976744185,1113.2441860465117
pnb,ios,5g,1,friday,77,4,5.194805194805195,1170.6363636363637
pnb,ios,5g,1,monday,76,6,7.894736842105263,1685.0131578947369
pnb,ios,5g,1,saturday,65,2,3.076923076923077,1114.323076923077
pnb,ios,5g,1,sunday,78,3,3.8461538461538463,1095.0641025641025
pnb,ios,5g,1,thursday,79,4,5.063291139240507,1250.113924050633
pnb,ios,5g,1,tuesday,78,5,6.41025641025641,1343.3589743589744
pnb,ios,5g,1,wednesday,62,1,1.6129032258064515,1233.6774193548388
pnb,ios,wifi,0,friday,42,1,2.380952380952381,1174.7142857142858
pnb,ios,wifi,0,monday,46,0,0.0,1239.7173913043478
pnb,ios,wifi,0,saturday,37,1,2.7027027027027026,1065.4594594594594
pnb,ios,wifi,0,sunday,37,1,2.7027027027027026,1583.7027027027027
pnb,ios,wifi,0,thursday,44,2,4.545454545454546,1209.0681818181818
pnb,ios,wifi,0,tuesday,48,1,2.083333333333333,1109.375
pnb,ios,wifi,0,wednesday,47,2,4.25531914893617,1054.787234042553
pnb,ios,wifi,1,friday,22,0,0.0,852.8636363636364
pnb,ios,wifi,1,monday,29,2,6.896551724137931,1739.551724137931
pnb,ios,wifi,1,saturday,29,0,0.0,1303.896551724138
pnb,ios,wifi,1,sunday,33,2,6.0606060606060606,1091.7575757575758
pnb,ios,wifi,1,thursday,27,1,3.7037037037037033,1396.851851851852
pnb,ios,wifi,1,tuesday,26,2,7.6923076923076925,1425.0
pnb,ios,wifi,1,wednesday,33,0,0.0,1720.121212121212
pnb,web,3g,0,friday,3,0,0.0,873.0
pnb,web,3g,0,monday,3,0,0.0,1234.3333333333333
pnb,web,3g,0,saturday,7,0,0.0,622.2857142857143
pnb,web,3g,0,thursday,8,0,0.0,560.25
pnb,web,3g,0,tuesday,7,1,14.285714285714285,2042.7142857142858
pnb,web,3g,0,wednesday,9,0,0.0,716.4444444444445
pnb,web,3g,1,friday,5,2,40.0,258.6
pnb,web,3g,1,monday,1,0,0.0,2607.0
pnb,web,3g,1,saturday,7,1,14.285714285714285,390.0
pnb,web,3g,1,sunday,1,0,0.0,1837.0
pnb,web,3g,1,thursday,6,1,16.666666666666664,982.8333333333334
pnb,web,3g,1,tuesday,3,0,0.0,342.6666666666667
pnb,web,3g,1,wednesday,2,0,0.0,1946.0
pnb,web,4g,0,friday,57,4,7.017543859649122,1137.140350877193
pnb,web,4g,0,monday,64,3,4.6875,1388.078125
pnb,web,4g,0,saturday,61,3,4.918032786885246,1072.7704918032787
pnb,web,4g,0,sunday,65,2,3.076923076923077,1027.123076923077
pnb,web,4g,0,thursday,55,4,7.2727272727272725,1323.0363636363636
pnb,web,4g,0,tuesday,45,4,8.88888888888889,1046.4666666666667
pnb,web,4g,0,wednesday,49,2,4.081632653061225,1873.1632653061224
pnb,web,4g,1,friday,42,2,4.761904761904762,1205.6666666666667
pnb,web,4g,1,monday,45,3,6.666666666666667,1277.5555555555557
pnb,web,4g,1,saturday,56,1,1.7857142857142856,1547.7857142857142
pnb,web,4g,1,sunday,54,1,1.8518518518518516,1152.5185185185185
pnb,web,4g,1,thursday,51,5,9.803921568627452,1430.7450980392157
pnb,web,4g,1,tuesday,48,4,8.333333333333332,1335.6458333333333
pnb,web,4g,1,wednesday,47,3,6.382978723404255,1035.7659574468084
pnb,web,5g,0,friday,16,0,0.0,1282.375
pnb,web,5g,0,monday,27,0,0.0,1326.148148148148
pnb,web,5g,0,saturday,28,1,3.571428571428571,1233.892857142857
pnb,web,5g,0,sunday,21,2,9.523809523809524,1314.857142857143
pnb,web,5g,0,thursday,21,1,4.761904761904762,1715.8095238095239
pnb,web,5g,0,tuesday,25,4,16.0,988.08
pnb,web,5g,0,wednesday,24,0,0.0,2413.0833333333335
pnb,web,5g,1,friday,24,0,0.0,1565.25
pnb,web,5g,1,monday,30,1,3.3333333333333335,1100.6
pnb,web,5g,1,saturday,20,1,5.0,930.7
pnb,web,5g,1,sunday,22,1,4.545454545454546,1113.409090909091
pnb,web,5g,1,thursday,18,1,5.555555555555555,873.7222222222222
pnb,web,5g,1,tuesday,33,0,0.0,977.030303030303
pnb,web,5g,1,wednesday,31,2,6.451612903225806,1602.516129032258
pnb,web,wifi,0,friday,9,0,0.0,1022.0
pnb,web,wifi,0,monday,6,1,16.666666666666664,1399.8333333333333
pnb,web,wifi,0,saturday,13,0,0.0,1116.2307692307693
pnb,web,wifi,0,sunday,7,1,14.285714285714285,3848.0
pnb,web,wifi,0,thursday,10,0,0.0,2318.9
pnb,web,wifi,0,tuesday,14,0,0.0,1144.357142857143
pnb,web,wifi,0,wednesday,5,0,0.0,1072.4
pnb,web,wifi,1,friday,11,0,0.0,1654.8181818181818
pnb,web,wifi,1,monday,5,0,0.0,1586.6
pnb,web,wifi,1,saturday,5,0,0.0,2605.0
pnb,web,wifi,1,sunday,6,1,16.666666666666664,2044.5
pnb,web,wifi,1,thursday,14,2,14.285714285714285,1179.5
pnb,web,wifi,1,tuesday,5,1,20.0,522.4
pnb,web,wifi,1,wednesday,12,1,8.333333333333332,1980.5
sbi,android,3g,0,friday,179,9,5.027932960893855,1313.7877094972066
sbi,android,3g,0,monday,201,9,4.477611940298507,1455.129353233831
sbi,android,3g,0,saturday,167,8,4.790419161676647,1286.0958083832336
sbi,android,3g,0,sunday,174,6,3.4482758620689653,1466.8620689655172
sbi,android,3g,0,thursday,173,8,4.624277456647398,1545.4450867052024
sbi,android,3g,0,tuesday,192,7,3.6458333333333335,1354.203125
sbi,android,3g,0,wednesday,188,12,6.382978723404255,1170.7287234042553
sbi,android,3g,1,friday,158,9,5.69620253164557,1340.5
sbi,android,3g,1,monday,180,9,5.0,1509.5777777777778
sbi,android,3g,1,saturday,141,8,5.673758865248227,1276.9078014184397
sbi,android,3g,1,sunday,144,8,5.555555555555555,1373.7569444444443
sbi,android,3g,1,thursday,171,7,4.093567251461988,1429.1169590643274
sbi,android,3g,1,tuesday,141,16,11.347517730496454,1330.8581560283687
sbi,android,3g,1,wednesday,164,8,4.878048780487805,1420.439024390244
sbi,android,4g,0,friday,2122,102,4.806786050895382,1298.4698397737984
sbi,android,4g,0,monday,2087,103,4.935313847628174,1349.4192620987062
sbi,android,4g,0,saturday,2165,125,5.773672055427252,1257.5422632794457
sbi,android,4g,0,sunday,2141,99,4.624007473143391,1323.6730499766463
sbi,android,4g,0,thursday,2193,118,5.380756953944369,1363.6985864113087
sbi,android,4g,0,tuesday,2268,86,3.7918871252204585,1301.7548500881835
sbi,android,4g,0,wednesday,2251,124,5.508662816525989,1316.7685473123056
sbi,android,4g,1,friday,1894,86,4.540654699049631,1279.9076029567054
sbi,android,4g,1,monday,1880,86,4.574468085106383,1378.3074468085106
sbi,android,4g,1,saturday,1877,103,5.487480021310602,1323.1822056473095
sbi,android,4g,1,sunday,1857,104,5.600430802369413,1355.7512116316639
sbi,android,4g,1,thursday,1807,63,3.4864416159380185,1324.514111787493
sbi,android,4g,1,tuesday,1785,88,4.9299719887955185,1315.52324929972
sbi,android,4g,1,wednesday,1844,90,4.8806941431670285,1346.2337310195228
sbi,android,5g,0,friday,885,38,4.293785310734463,1246.309604519774
sbi,android,5g,0,monday,940,44,4.680851063829787,1285.4531914893616
sbi,android,5g,0,saturday,934,34,3.640256959314775,1450.3340471092076
sbi,android,5g,0,sunday,882,41,4.648526077097506,1359.0
sbi,android,5g,0,thursday,937,54,5.76307363927428,1435.5453575240128
sbi,android,5g,0,tuesday,876,41,4.680365296803653,1264.7899543378996
sbi,android,5g,0,wednesday,932,41,4.399141630901288,1292.854077253219
sbi,android,5g,1,friday,743,34,4.5760430686406455,1289.008075370121
sbi,android,5g,1,monday,816,46,5.637254901960785,1358.3566176470588
sbi,android,5g,1,saturday,782,30,3.8363171355498724,1351.898976982097
sbi,android,5g,1,sunday,770,43,5.584415584415584,1258.6922077922077
sbi,android,5g,1,thursday,764,44,5.7591623036649215,1372.735602094241
sbi,android,5g,1,tuesday,762,37,4.8556430446194225,1325.1535433070867
sbi,android,5g,1,wednesday,774,42,5.426356589147287,1304.4173126614987
sbi,android,wifi,0,friday,371,19,5.121293800539084,1225.6954177897574
sbi,android,wifi,0,monday,392,21,5.357142857142857,1502.9770408163265
sbi,android,wifi,0,saturday,405,24,5.9259259259259265,1184.4543209876542
sbi,android,wifi,0,sunday,385,22,5.714285714285714,1411.3896103896104
sbi,android,wifi,0,thursday,354,20,5.649717514124294,1379.6412429378531
sbi,android,wifi,0,tuesday,353,15,4.2492917847025495,1280.416430594901
sbi,android,wifi,0,wednesday,339,11,3.2448377581120944,1471.3746312684366
sbi,android,wifi,1,friday,326,19,5.828220858895705,1224.5858895705521
sbi,android,wifi,1,monday,318,19,5.9748427672955975,1221.3836477987422
sbi,android,wifi,1,saturday,319,19,5.956112852664576,1345.5579937304076
sbi,android,wifi,1,sunday,313,19,6.070287539936102,1492.3418530351437
sbi,android,wifi,1,thursday,340,19,5.588235294117648,1499.9823529411765
sbi,android,wifi,1,tuesday,311,16,5.144694533762058,1361.2250803858522
sbi,android,wifi,1,wednesday,313,17,5.431309904153355,1272.846645367412
sbi,ios,3g,0,friday,48,1,2.083333333333333,1544.875
sbi,ios,3g,0,monday,47,3,6.382978723404255,948.531914893617
sbi,ios,3g,0,saturday,40,2,5.0,879.3
sbi,ios,3g,0,sunday,49,2,4.081632653061225,1031.204081632653
sbi,ios,3g,0,thursday,40,3,7.5,1636.9
sbi,ios,3g,0,tuesday,51,2,3.9215686274509802,1265.2156862745098
sbi,ios,3g,0,wednesday,42,3,7.142857142857142,1241.1190476190477
sbi,ios,3g,1,friday,40,2,5.0,1189.625
sbi,ios,3g,1,monday,52,4,7.6923076923076925,1249.7307692307693
sbi,ios,3g,1,saturday,43,0,0.0,1268.9767441860465
sbi,ios,3g,1,sunday,37,2,5.405405405405405,1938.5405405405406
sbi,ios,3g,1,thursday,46,2,4.3478260869565215,850.5
sbi,ios,3g,1,tuesday,36,2,5.555555555555555,1260.138888888889
sbi,ios,3g,1,wednesday,49,5,10.204081632653061,1069.1224489795918
sbi,ios,4g,0,friday,553,26,4.701627486437613,1289.9150090415912
sbi,ios,4g,0,monday,647,31,4.7913446676970635,1246.0525502318392
sbi,ios,4g,0,saturday,545,30,5.5045871559633035,1366.1284403669724
sbi,ios,4g,0,sunday,555,23,4.1441441441441444,1287.2306306306307
sbi,ios,4g,0,thursday,595,25,4.201680672268908,1263.5697478991597
sbi,ios,4g,0,tuesday,551,22,3.9927404718693285,1371.4990925589836
sbi,ios,4g,0,wednesday,574,35,6.097560975609756,1237.5017421602788
sbi,ios,4g,1,friday,521,26,4.990403071017274,1242.10556621881
sbi,ios,4g,1,monday,482,16,3.319502074688797,1216.3360995850621
sbi,ios,4g,1,saturday,516,29,5.62015503875969,1363.7306201550387
sbi,ios,4g,1,sunday,467,27,5.781584582441114,1381.546038543897
sbi,ios,4g,1,thursday,480,29,6.041666666666667,1216.9125
sbi,ios,4g,1,tuesday,502,18,3.5856573705179287,1230.9382470119522
sbi,ios,4g,1,wednesday,469,22,4.690831556503198,1244.2622601279318
sbi,ios,5g,0,friday,228,11,4.824561403508771,1493.0394736842106
sbi,ios,5g,0,monday,252,8,3.1746031746031744,1302.9126984126983
sbi,ios,5g,0,saturday,254,19,7.480314960629922,1237.8700787401574
sbi,ios,5g,0,sunday,241,12,4.979253112033195,1240.6597510373444
sbi,ios,5g,0,thursday,213,10,4.694835680751173,1254.5164319248827
sbi,ios,5g,0,tuesday,275,8,2.909090909090909,1441.8072727272727
sbi,ios,5g,0,wednesday,234,13,5.555555555555555,1257.5897435897436
sbi,ios,5g,1,friday,187,5,2.6737967914438503,1219.6631016042782
sbi,ios,5g,1,monday,188,15,7.9787234042553195,1291.0478723404256
sbi,ios,5g,1,saturday,204,15,7.352941176470589,1511.0343137254902
sbi,ios,5g,1,sunday,192,9,4.6875,1088.671875
sbi,ios,5g,1,thursday,218,12,5.5045871559633035,1270.9908256880733
sbi,ios,5g,1,tuesday,190,11,5.7894736842105265,1394.8105263157895
sbi,ios,5g,1,wednesday,212,10,4.716981132075472,1371.4716981132076
sbi,ios,wifi,0,friday,87,1,1.1494252873563218,1365.4137931034484
sbi,ios,wifi,0,monday,102,5,4.901960784313726,1421.3921568627452
sbi,ios,wifi,0,saturday,85,2,2.3529411764705883,1526.7058823529412
sbi,ios,wifi,0,sunday,108,6,5.555555555555555,1653.3148148148148
sbi,ios,wifi,0,thursday,113,6,5.3097345132743365,1095.345132743363
sbi,ios,wifi,0,tuesday,105,4,3.8095238095238098,1091.057142857143
sbi,ios,wifi,0,wednesday,102,4,3.9215686274509802,1212.7941176470588
sbi,ios,wifi,1,friday,77,4,5.194805194805195,1390.7012987012988
sbi,ios,wifi,1,monday,74,1,1.3513513513513513,1338.9864864864865
sbi,ios,wifi,1,saturday,74,5,6.756756756756757,998.2027027027027
sbi,ios,wifi,1,sunday,74,5,6.756756756756757,1313.662162162162
sbi,ios,wifi,1,thursday,64,2,3.125,1161.140625
sbi,ios,wifi,1,tuesday,85,5,5.88235294117647,1552.4117647058824
sbi,ios,wifi,1,wednesday,77,4,5.194805194805195,1209.6363636363637
sbi,web,3g,0,friday,11,1,9.090909090909092,1905.8181818181818
sbi,web,3g,0,monday,6,1,16.666666666666664,4476.166666666667
sbi,web,3g,0,saturday,10,0,0.0,1995.0
sbi,web,3g,0,sunday,12,2,16.666666666666664,1261.0
sbi,web,3g,0,thursday,14,0,0.0,1379.5714285714287
sbi,web,3g,0,tuesday,16,1,6.25,1251.1875
sbi,web,3g,0,wednesday,10,1,10.0,2157.1
sbi,web,3g,1,friday,9,1,11.11111111111111,1140.0
sbi,web,3g,1,monday,9,1,11.11111111111111,639.6666666666666
sbi,web,3g,1,saturday,13,1,7.6923076923076925,2793.3076923076924
sbi,web,3g,1,sunday,8,0,0.0,1083.5
sbi,web,3g,1,thursday,12,0,0.0,2000.9166666666667
sbi,web,3g,1,tuesday,11,3,27.27272727272727,1085.909090909091
sbi,web,3g,1,wednesday,7,1,14.285714285714285,1431.5714285714287
sbi,web,4g,0,friday,140,8,5.714285714285714,1178.692857142857
sbi,web,4g,0,monday,154,10,6.493506493506493,1208.909090909091
sbi,web,4g,0,saturday,148,6,4.054054054054054,1211.5337837837837
sbi,web,4g,0,sunday,153,6,3.9215686274509802,1221.7450980392157
sbi,web,4g,0,thursday,143,9,6.293706293706294,1271.6013986013986
sbi,web,4g,0,tuesday,143,11,7.6923076923076925,1287.1818181818182
sbi,web,4g,0,wednesday,136,8,5.88235294117647,1154.8088235294117
sbi,web,4g,1,friday,134,4,2.9850746268656714,1215.6194029850747
sbi,web,4g,1,monday,121,1,0.8264462809917356,1238.2727272727273
sbi,web,4g,1,saturday,116,5,4.310344827586207,1388.3362068965516
sbi,web,4g,1,sunday,120,6,5.0,1131.5583333333334
sbi,web,4g,1,thursday,106,4,3.7735849056603774,1316.2735849056603
sbi,web,4g,1,tuesday,120,5,4.166666666666666,1373.7666666666667
sbi,web,4g,1,wednesday,123,10,8.130081300813007,1421.5691056910568
sbi,web,5g,0,friday,67,5,7.462686567164178,1746.358208955224
sbi,web,5g,0,monday,60,3,5.0,1138.0666666666666
sbi,web,5g,0,saturday,74,3,4.054054054054054,1039.6891891891892
sbi,web,5g,0,sunday,60,2,3.3333333333333335,1293.8333333333333
sbi,web,5g,0,thursday,57,4,7.017543859649122,1369.842105263158
sbi,web,5g,0,tuesday,66,5,7.575757575757576,935.4848484848485
sbi,web,5g,0,wednesday,61,3,4.918032786885246,1459.032786885246
sbi,web,5g,1,friday,54,6,11.11111111111111,1524.6666666666667
sbi,web,5g,1,monday,51,2,3.9215686274509802,964.3921568627451
sbi,web,5g,1,saturday,47,1,2.127659574468085,1388.6808510638298
sbi,web,5g,1,sunday,42,1,2.380952380952381,1277.095238095238
sbi,web,5g,1,thursday,55,3,5.454545454545454,1203.5636363636363
sbi,web,5g,1,tuesday,53,2,3.7735849056603774,1331.0377358490566
sbi,web,5g,1,wednesday,42,1,2.380952380952381,1455.2619047619048
sbi,web,wifi,0,friday,28,1,3.571428571428571,1629.607142857143
sbi,web,wifi,0,monday,20,3,15.0,2008.15
sbi,web,wifi,0,saturday,23,1,4.3478260869565215,1095.391304347826
sbi,web,wifi,0,sunday,20,2,10.0,1607.9
sbi,web,wifi,0,thursday,26,0,0.0,1164.6923076923076
sbi,web,wifi,0,tuesday,36,1,2.7777777777777777,1521.111111111111
sbi,web,wifi,0,wednesday,26,1,3.8461538461538463,732.8461538461538
sbi,web,wifi,1,friday,13,0,0.0,1879.4615384615386
sbi,web,wifi,1,monday,25,1,4.0,2383.68
sbi,web,wifi,1,saturday,24,0,0.0,1455.75
sbi,web,wifi,1,sunday,19,2,10.526315789473683,1424.7894736842106
sbi,web,wifi,1,thursday,31,1,3.225806451612903,968.8064516129032
sbi,web,wifi,1,tuesday,18,1,5.555555555555555,1557.6666666666667
sbi,web,wifi,1,wednesday,18,0,0.0,969.7222222222222
yes bank,android,3g,0,friday,77,3,3.896103896103896,1109.0
yes bank,android,3g,0,monday,75,7,9.333333333333334,1210.88
yes bank,android,3g,0,saturday,73,5,6.8493150684931505,1618.4246575342465
yes bank,android,3g,0,sunday,81,5,6.172839506172839,1063.8765432098764
yes bank,android,3g,0,thursday,70,2,2.857142857142857,1833.8142857142857
yes bank,android,3g,0,tuesday,60,3,5.0,1654.8333333333333
yes bank,android,3g,0,wednesday,73,5,6.8493150684931505,1634.0821917808219
yes bank,android,3g,1,friday,45,0,0.0,1626.888888888889
yes bank,android,3g,1,monday,56,6,10.714285714285714,1019.4821428571429
yes bank,android,3g,1,saturday,61,4,6.557377049180328,1857.5245901639344
yes bank,android,3g,1,sunday,62,8,12.903225806451612,1479.6935483870968
yes bank,android,3g,1,thursday,55,1,1.8181818181818181,1462.3090909090909
yes bank,android,3g,1,tuesday,74,5,6.756756756756757,1410.527027027027
yes bank,android,3g,1,wednesday,56,6,10.714285714285714,1287.125
yes bank,android,4g,0,friday,872,56,6.422018348623854,1350.3256880733945
yes bank,android,4g,0,monday,885,51,5.762711864406779,1281.4915254237287
yes bank,android,4g,0,saturday,846,42,4.964539007092199,1270.5732860520095
yes bank,android,4g,0,sunday,909,40,4.400440044004401,1277.0363036303631
yes bank,android,4g,0,thursday,821,42,5.115712545676005,1355.462850182704
yes bank,android,4g,0,tuesday,935,52,5.561497326203209,1327.496256684492
yes bank,android,4g,0,wednesday,883,45,5.096262740656852,1298.268403171008
yes bank,android,4g,1,friday,727,36,4.951856946354883,1246.1856946354883
yes bank,android,4g,1,monday,757,40,5.284015852047556,1255.9405548216644
yes bank,android,4g,1,saturday,706,31,4.390934844192635,1295.3640226628895
yes bank,android,4g,1,sunday,734,35,4.768392370572207,1347.057220708447
yes bank,android,4g,1,thursday,702,39,5.555555555555555,1175.2150997150998
yes bank,android,4g,1,tuesday,770,49,6.363636363636363,1335.868831168831
yes bank,android,4g,1,wednesday,728,28,3.8461538461538463,1268.9271978021977
yes bank,android,5g,0,friday,357,14,3.9215686274509802,1243.078431372549
yes bank,android,5g,0,monday,352,7,1.9886363636363635,1238.1051136363637
yes bank,android,5g,0,saturday,376,16,4.25531914893617,1255.659574468085
yes bank,android,5g,0,sunday,369,11,2.9810298102981028,1409.2466124661246
yes bank,android,5g,0,thursday,355,17,4.788732394366197,1344.2760563380282
yes bank,android,5g,0,tuesday,353,12,3.39943342776204,1182.5949008498583
yes bank,android,5g,0,wednesday,379,14,3.6939313984168867,1251.8944591029024
yes bank,android,5g,1,friday,298,12,4.026845637583892,1205.006711409396
yes bank,android,5g,1,monday,315,14,4.444444444444445,1437.4730158730158
yes bank,android,5g,1,saturday,307,16,5.211726384364821,1541.7915309446255
yes bank,android,5g,1,sunday,333,16,4.804804804804805,1323.129129129129
yes bank,android,5g,1,thursday,292,18,6.164383561643835,1173.2602739726028
yes bank,android,5g,1,tuesday,285,11,3.8596491228070176,1306.501754385965
yes bank,android,5g,1,wednesday,295,10,3.389830508474576,1245.413559322034
yes bank,android,wifi,0,friday,119,4,3.361344537815126,1596.9411764705883
yes bank,android,wifi,0,monday,137,9,6.569343065693431,1499.8686131386862
yes bank,android,wifi,0,saturday,136,6,4.411764705882353,1763.4264705882354
yes bank,android,wifi,0,sunday,151,7,4.635761589403973,1249.3774834437086
yes bank,android,wifi,0,thursday,142,5,3.5211267605633805,1387.394366197183
yes bank,android,wifi,0,tuesday,138,6,4.3478260869565215,1415.2101449275362
yes bank,android,wifi,0,wednesday,153,8,5.228758169934641,1366.562091503268
yes bank,android,wifi,1,friday,122,4,3.278688524590164,1208.139344262295
yes bank,android,wifi,1,monday,145,8,5.517241379310345,1212.8689655172413
yes bank,android,wifi,1,saturday,108,7,6.481481481481481,1210.9444444444443
yes bank,android,wifi,1,sunday,113,7,6.1946902654867255,1558.858407079646
yes bank,android,wifi,1,thursday,122,6,4.918032786885246,1206.7459016393443
yes bank,android,wifi,1,tuesday,119,7,5.88235294117647,1494.436974789916
yes bank,android,wifi,1,wednesday,128,8,6.25,1620.0625
yes bank,ios,3g,0,friday,20,1,5.0,1821.35
yes bank,ios,3g,0,monday,26,0,0.0,1005.7307692307693
yes bank,ios,3g,0,saturday,16,0,0.0,1708.3125
yes bank,ios,3g,0,sunday,21,0,0.0,1223.4285714285713
yes bank,ios,3g,0,thursday,16,1,6.25,1482.0625
yes bank,ios,3g,0,tuesday,16,1,6.25,672.25
yes bank,ios,3g,0,wednesday,22,3,13.636363636363635,1139.7727272727273
yes bank,ios,3g,1,friday,16,0,0.0,1720.5625
yes bank,ios,3g,1,monday,13,0,0.0,1038.7692307692307
yes bank,ios,3g,1,saturday,20,2,10.0,673.15
yes bank,ios,3g,1,sunday,17,0,0.0,1516.0588235294117
yes bank,ios,3g,1,thursday,12,0,0.0,889.9166666666666
yes bank,ios,3g,1,tuesday,18,1,5.555555555555555,1203.7777777777778
yes bank,ios,3g,1,wednesday,13,1,7.6923076923076925,1570.0
yes bank,ios,4g,0,friday,259,17,6.563706563706563,1234.7220077220077
yes bank,ios,4g,0,monday,257,11,4.280155642023346,1285.4396887159533
yes bank,ios,4g,0,saturday,230,14,6.086956521739131,1373.9782608695652
yes bank,ios,4g,0,sunday,228,9,3.9473684210526314,1436.530701754386
yes bank,ios,4g,0,thursday,222,22,9.90990990990991,1391.355855855856
yes bank,ios,4g,0,tuesday,207,15,7.246376811594203,1178.231884057971
yes bank,ios,4g,0,wednesday,242,13,5.371900826446281,1394.896694214876
yes bank,ios,4g,1,friday,196,8,4.081632653061225,1146.6632653061224
yes bank,ios,4g,1,monday,187,6,3.2085561497326207,1274.7967914438502
yes bank,ios,4g,1,saturday,197,14,7.1065989847715745,1457.5736040609138
yes bank,ios,4g,1,sunday,182,14,7.6923076923076925,1146.434065934066
yes bank,ios,4g,1,thursday,185,6,3.2432432432432434,1320.5135135135135
yes bank,ios,4g,1,tuesday,212,10,4.716981132075472,1053.561320754717
yes bank,ios,4g,1,wednesday,181,13,7.18232044198895,1463.2486187845304
yes bank,ios,5g,0,friday,93,4,4.301075268817205,1222.8709677419354
yes bank,ios,5g,0,monday,89,4,4.49438202247191,1159.5393258426966
yes bank,ios,5g,0,saturday,85,2,2.3529411764705883,1173.4352941176471
yes bank,ios,5g,0,sunday,98,6,6.122448979591836,1509.357142857143
yes bank,ios,5g,0,thursday,85,5,5.88235294117647,1391.7176470588236
yes bank,ios,5g,0,tuesday,84,5,5.952380952380952,1264.7738095238096
yes bank,ios,5g,0,wednesday,76,6,7.894736842105263,1445.5
yes bank,ios,5g,1,friday,80,6,7.5,1086.075
yes bank,ios,5g,1,monday,76,2,2.631578947368421,2107.2368421052633
yes bank,ios,5g,1,saturday,88,5,5.681818181818182,1118.409090909091
yes bank,ios,5g,1,sunday,77,2,2.5974025974025974,1155.1948051948052
yes bank,ios,5g,1,thursday,74,5,6.756756756756757,1492.7297297297298
yes bank,ios,5g,1,tuesday,77,7,9.090909090909092,1135.4155844155844
yes bank,ios,5g,1,wednesday,88,3,3.4090909090909087,895.1590909090909
yes bank,ios,wifi,0,friday,44,1,2.272727272727273,1349.590909090909
yes bank,ios,wifi,0,monday,31,0,0.0,983.8064516129032
yes bank,ios,wifi,0,saturday,38,2,5.263157894736842,1268.157894736842
yes bank,ios,wifi,0,sunday,40,4,10.0,1516.35
yes bank,ios,wifi,0,thursday,38,3,7.894736842105263,1079.8947368421052
yes bank,ios,wifi,0,tuesday,43,4,9.30232558139535,1172.6976744186047
yes bank,ios,wifi,0,wednesday,34,1,2.941176470588235,1874.4117647058824
yes bank,ios,wifi,1,friday,24,1,4.166666666666666,781.7083333333334
yes bank,ios,wifi,1,monday,42,1,2.380952380952381,971.452380952381
yes bank,ios,wifi,1,saturday,36,2,5.555555555555555,1351.5
yes bank,ios,wifi,1,sunday,41,3,7.317073170731707,2180.4146341463415
yes bank,ios,wifi,1,thursday,26,0,0.0,796.0384615384615
yes bank,ios,wifi,1,tuesday,33,1,3.0303030303030303,920.7878787878788
yes bank,ios,wifi,1,wednesday,37,3,8.108108108108109,1438.945945945946
yes bank,web,3g,0,friday,6,1,16.666666666666664,2198.3333333333335
yes bank,web,3g,0,monday,4,0,0.0,588.0
yes bank,web,3g,0,saturday,2,0,0.0,1521.0
yes bank,web,3g,0,sunday,8,2,25.0,943.875
yes bank,web,3g,0,thursday,4,0,0.0,1095.0
yes bank,web,3g,0,tuesday,8,1,12.5,879.5
yes bank,web,3g,0,wednesday,5,0,0.0,2112.6
yes bank,web,3g,1,friday,3,0,0.0,900.6666666666666
yes bank,web,3g,1,monday,3,0,0.0,480.0
yes bank,web,3g,1,saturday,5,0,0.0,1573.4
yes bank,web,3g,1,sunday,6,1,16.666666666666664,478.8333333333333
yes bank,web,3g,1,thursday,8,1,12.5,705.75
yes bank,web,3g,1,tuesday,5,3,60.0,295.2
yes bank,web,3g,1,wednesday,4,0,0.0,2963.75
yes bank,web,4g,0,friday,70,2,2.857142857142857,1185.3428571428572
yes bank,web,4g,0,monday,77,4,5.194805194805195,1074.3636363636363
yes bank,web,4g,0,saturday,42,3,7.142857142857142,891.2380952380952
yes bank,web,4g,0,sunday,57,2,3.508771929824561,1403.5964912280701
yes bank,web,4g,0,thursday,52,6,11.538461538461538,1293.8076923076924
yes bank,web,4g,0,tuesday,54,5,9.25925925925926,1127.5555555555557
yes bank,web,4g,0,wednesday,49,2,4.081632653061225,1326.3877551020407
yes bank,web,4g,1,friday,47,3,6.382978723404255,1289.4468085106382
yes bank,web,4g,1,monday,64,3,4.6875,1094.734375
yes bank,web,4g,1,saturday,51,4,7.8431372549019605,1348.6078431372548
yes bank,web,4g,1,sunday,47,3,6.382978723404255,1640.2340425531916
yes bank,web,4g,1,thursday,42,3,7.142857142857142,1289.5714285714287
yes bank,web,4g,1,tuesday,41,0,0.0,1149.6829268292684
yes bank,web,4g,1,wednesday,49,5,10.204081632653061,931.795918367347
yes bank,web,5g,0,friday,22,0,0.0,1457.1818181818182
yes bank,web,5g,0,monday,27,1,3.7037037037037033,2607.5925925925926
yes bank,web,5g,0,saturday,22,1,4.545454545454546,1239.4545454545455
yes bank,web,5g,0,sunday,33,0,0.0,1462.3636363636363
yes bank,web,5g,0,thursday,13,1,7.6923076923076925,2012.7692307692307
yes bank,web,5g,0,tuesday,27,0,0.0,1193.4074074074074
yes bank,web,5g,0,wednesday,22,0,0.0,960.8181818181819
yes bank,web,5g,1,friday,27,2,7.4074074074074066,1429.7407407407406
yes bank,web,5g,1,monday,18,0,0.0,1499.2222222222222
yes bank,web,5g,1,saturday,20,1,5.0,1029.55
yes bank,web,5g,1,sunday,18,1,5.555555555555555,1580.0
yes bank,web,5g,1,thursday,24,2,8.333333333333332,1237.7083333333333
yes bank,web,5g,1,tuesday,29,1,3.4482758620689653,1264.7241379310344
yes bank,web,5g,1,wednesday,19,1,5.263157894736842,1539.1052631578948
yes bank,web,wifi,0,friday,15,1,6.666666666666667,853.1333333333333
yes bank,web,wifi,0,monday,8,0,0.0,2576.875
yes bank,web,wifi,0,saturday,15,0,0.0,1045.7333333333333
yes bank,web,wifi,0,sunday,9,2,22.22222222222222,2292.777777777778
yes bank,web,wifi,0,thursday,8,0,0.0,739.125
yes bank,web,wifi,0,tuesday,13,3,23.076923076923077,680.4615384615385
yes bank,web,wifi,0,wednesday,13,0,0.0,1262.4615384615386
yes bank,web,wifi,1,friday,3,0,0.0,326.0
yes bank,web,wifi,1,monday,6,0,0.0,3208.6666666666665
yes bank,web,wifi,1,saturday,9,0,0.0,451.1111111111111
yes bank,web,wifi,1,sunday,8,0,0.0,964.125
yes bank,web,wifi,1,thursday,4,1,25.0,1088.25
yes bank,web,wifi,1,tuesday,9,1,11.11111111111111,600.6666666666666
yes bank,web,wifi,1,wednesday,6,0,0.0,1474.8333333333333
